datetime,timestamp[s],bgo_z1[keV],bgo_z0[keV],bgo_x1[keV],bgo_x0[keV],bgo_y1[keV],bgo_y0[keV],latX,lonX,latZ,lonZ
1970-01-01 00:00:00.008853056,0.008853056,0.0,0.0,0.0,0.0,261.42902,0.0,0.0,0.0,-1.5707964,0.0
1970-01-01 00:00:00.018102341,0.018102341,0.0,0.0,645.5265,0.0,0.0,0.0,0.0,0.0,-1.5707964,0.0
1970-01-01 00:00:00.029407610,0.02940761,0.0,0.0,0.0,0.0,111.99285,0.0,0.0,0.0,-1.5707964,0.0
1970-01-01 00:00:00.043400111,0.043400111,0.0,0.0,0.0,0.0,312.99875,0.0,0.0,0.0,-1.5707964,0.0
1970-01-01 00:00:00.053337331,0.053337331,82.207,0.0,0.0,0.0,0.0,0.0,0.0,0.0,-1.5707964,0.0
1970-01-01 00:00:00.053443306,0.053443306,0.0,0.0,0.0,0.0,145.69261,0.0,0.0,0.0,-1.5707964,0.0
1970-01-01 00:00:00.053585010,0.05358501,0.0,210.82686,0.0,0.0,0.0,0.0,0.0,0.0,-1.5707964,0.0
1970-01-01 00:00:00.053754569,0.053754569,0.0,0.0,0.0,0.0,119.10177,0.0,0.0,0.0,-1.5707964,0.0
1970-01-01 00:00:00.054136332,0.054136332,0.0,3468.297,0.0,0.0,0.0,0.0,0.0,0.0,-1.5707964,0.0
1970-01-01 00:00:00.054136332,0.054136332,0.0,0.0,231.33202,0.0,0.0,0.0,0.0,0.0,-1.5707964,0.0
1970-01-01 00:00:00.054174472,0.054174472,0.0,0.0,0.0,0.0,270.01108,0.0,0.0,0.0,-1.5707964,0.0
1970-01-01 00:00:00.054330521,0.054330521,0.0,0.0,0.0,0.0,283.25195,0.0,0.0,0.0,-1.5707964,0.0
1970-01-01 00:00:00.054670641,0.054670641,0.0,90.939926,0.0,0.0,0.0,0.0,0.0,0.0,-1.5707964,0.0
1970-01-01 00:00:00.054750189,0.054750189,0.0,0.0,0.0,0.0,290.541,0.0,0.0,0.0,-1.5707964,0.0
1970-01-01 00:00:00.054894015,0.054894015,0.0,0.0,0.0,0.0,675.9295,0.0,0.0,0.0,-1.5707964,0.0
1970-01-01 00:00:00.055014903,0.055014903,0.0,0.0,0.0,0.0,173.56746,0.0,0.0,0.0,-1.5707964,0.0
1970-01-01 00:00:00.055315890,0.05531589,0.0,0.0,0.0,0.0,234.17474,0.0,0.0,0.0,-1.5707964,0.0
1970-01-01 00:00:00.056305241,0.056305241,0.0,0.0,0.0,0.0,5467.026,0.0,0.0,0.0,-1.5707964,0.0
1970-01-01 00:00:00.056647848,0.056647848,0.0,124.481094,0.0,0.0,0.0,0.0,0.0,0.0,-1.5707964,0.0
1970-01-01 00:00:00.056739145,0.056739145,0.0,441.12067,0.0,0.0,0.0,0.0,0.0,0.0,-1.5707964,0.0
1970-01-01 00:00:00.056788056,0.056788056,181.02539,0.0,0.0,0.0,0.0,0.0,0.0,0.0,-1.5707964,0.0
1970-01-01 00:00:00.056900475,0.056900475,98.942795,0.0,0.0,0.0,0.0,0.0,0.0,0.0,-1.5707964,0.0
1970-01-01 00:00:00.056919461,0.056919461,0.0,0.0,0.0,0.0,144.12999,0.0,0.0,0.0,-1.5707964,0.0
1970-01-01 00:00:00.057057155,0.057057155,0.0,0.0,0.0,0.0,0.0,772.8127,0.0,0.0,-1.5707964,0.0
1970-01-01 00:00:00.057686243,0.057686243,0.0,1987.2914,0.0,0.0,0.0,0.0,0.0,0.0,-1.5707964,0.0
1970-01-01 00:00:00.058092766,0.058092766,0.0,0.0,0.0,0.0,95.59274,0.0,0.0,0.0,-1.5707964,0.0
1970-01-01 00:00:00.058324864,0.058324864,0.0,96.446396,0.0,0.0,0.0,0.0,0.0,0.0,-1.5707964,0.0
1970-01-01 00:00:00.058963191,0.058963191,0.0,0.0,153.81744,0.0,0.0,0.0,0.0,0.0,-1.5707964,0.0
1970-01-01 00:00:00.058985297,0.058985297,0.0,0.0,0.0,0.0,141.95645,0.0,0.0,0.0,-1.5707964,0.0
1970-01-01 00:00:00.059341427,0.059341427,0.0,0.0,0.0,0.0,95.92177,0.0,0.0,0.0,-1.5707964,0.0
1970-01-01 00:00:00.059365391,0.059365391,0.0,0.0,88.44867,0.0,0.0,0.0,0.0,0.0,-1.5707964,0.0
1970-01-01 00:00:00.059478487,0.059478487,0.0,380.38223,0.0,0.0,0.0,0.0,0.0,0.0,-1.5707964,0.0
1970-01-01 00:00:00.059591568,0.059591568,0.0,0.0,0.0,0.0,580.36285,0.0,0.0,0.0,-1.5707964,0.0
1970-01-01 00:00:00.059600998,0.059600998,0.0,0.0,0.0,0.0,92.54343,0.0,0.0,0.0,-1.5707964,0.0
1970-01-01 00:00:00.059710530,0.05971053,0.0,81.318825,0.0,0.0,0.0,0.0,0.0,0.0,-1.5707964,0.0
1970-01-01 00:00:00.060713352,0.060713352,0.0,162.21571,0.0,0.0,0.0,0.0,0.0,0.0,-1.5707964,0.0
1970-01-01 00:00:00.061227013,0.061227013,276.27313,0.0,0.0,0.0,0.0,0.0,0.0,0.0,-1.5707964,0.0
1970-01-01 00:00:00.062020202,0.062020202,0.0,92.822815,0.0,0.0,0.0,0.0,0.0,0.0,-1.5707964,0.0
1970-01-01 00:00:00.062226862,0.062226862,0.0,87.675316,0.0,0.0,0.0,0.0,0.0,0.0,-1.5707964,0.0
1970-01-01 00:00:00.062431707,0.062431707,216.81679,0.0,0.0,0.0,0.0,0.0,0.0,0.0,-1.5707964,0.0
1970-01-01 00:00:00.062431707,0.062431707,663.12524,0.0,0.0,0.0,0.0,0.0,0.0,0.0,-1.5707964,0.0
1970-01-01 00:00:00.062772728,0.062772728,162.1527,0.0,0.0,0.0,0.0,0.0,0.0,0.0,-1.5707964,0.0
1970-01-01 00:00:00.063324788,0.063324788,0.0,0.0,0.0,0.0,325.936,0.0,0.0,0.0,-1.5707964,0.0
1970-01-01 00:00:00.063530060,0.06353006,0.0,0.0,0.0,0.0,0.0,388.7539,0.0,0.0,-1.5707964,0.0
1970-01-01 00:00:00.063550281,0.063550281,0.0,0.0,0.0,0.0,90.33569,0.0,0.0,0.0,-1.5707964,0.0
1970-01-01 00:00:00.063809750,0.06380975,0.0,223.38243,0.0,0.0,0.0,0.0,0.0,0.0,-1.5707964,0.0
1970-01-01 00:00:00.065057483,0.065057483,0.0,87.28545,0.0,0.0,0.0,0.0,0.0,0.0,-1.5707964,0.0
1970-01-01 00:00:00.065148292,0.065148293,0.0,0.0,964.4824,0.0,0.0,0.0,0.0,0.0,-1.5707964,0.0
1970-01-01 00:00:00.065173413,0.065173413,0.0,85.30075,0.0,0.0,0.0,0.0,0.0,0.0,-1.5707964,0.0
1970-01-01 00:00:00.065198703,0.065198704,0.0,0.0,0.0,0.0,1009.5131,0.0,0.0,0.0,-1.5707964,0.0
1970-01-01 00:00:00.065249969,0.065249969,0.0,0.0,0.0,0.0,89.71038,0.0,0.0,0.0,-1.5707964,0.0
1970-01-01 00:00:00.065383012,0.065383012,0.0,158.55667,0.0,0.0,0.0,0.0,0.0,0.0,-1.5707964,0.0
1970-01-01 00:00:00.065690814,0.065690814,0.0,0.0,0.0,0.0,1175.2997,0.0,0.0,0.0,-1.5707964,0.0
1970-01-01 00:00:00.065690814,0.065690814,0.0,0.0,0.0,183.16846,0.0,0.0,0.0,0.0,-1.5707964,0.0
1970-01-01 00:00:00.065743874,0.065743875,0.0,0.0,139.31578,0.0,0.0,0.0,0.0,0.0,-1.5707964,0.0
1970-01-01 00:00:00.065815181,0.065815181,262.4348,0.0,0.0,0.0,0.0,0.0,0.0,0.0,-1.5707964,0.0
1970-01-01 00:00:00.065867884,0.065867884,0.0,0.0,223.05202,0.0,0.0,0.0,0.0,0.0,-1.5707964,0.0
1970-01-01 00:00:00.066035290,0.066035291,235.01187,0.0,0.0,0.0,0.0,0.0,0.0,0.0,-1.5707964,0.0
1970-01-01 00:00:00.066061840,0.06606184,0.0,0.0,0.0,0.0,277.56134,0.0,0.0,0.0,-1.5707964,0.0
1970-01-01 00:00:00.066126182,0.066126182,0.0,938.6424,0.0,0.0,0.0,0.0,0.0,0.0,-1.5707964,0.0
1970-01-01 00:00:00.066251256,0.066251257,0.0,0.0,0.0,0.0,183.4314,0.0,0.0,0.0,-1.5707964,0.0
1970-01-01 00:00:00.066417854,0.066417854,0.0,0.0,0.0,84.59964,0.0,0.0,0.0,0.0,-1.5707964,0.0
1970-01-01 00:00:00.066628215,0.066628215,0.0,1651.0195,0.0,0.0,0.0,0.0,0.0,0.0,-1.5707964,0.0
1970-01-01 00:00:00.066953016,0.066953016,0.0,0.0,0.0,0.0,4784.766,0.0,0.0,0.0,-1.5707964,0.0
1970-01-01 00:00:00.067017133,0.067017133,0.0,0.0,94.2147,0.0,0.0,0.0,0.0,0.0,-1.5707964,0.0
1970-01-01 00:00:00.067307781,0.067307781,0.0,0.0,0.0,0.0,381.75327,0.0,0.0,0.0,-1.5707964,0.0
1970-01-01 00:00:00.067308676,0.067308676,0.0,109.550545,0.0,0.0,0.0,0.0,0.0,0.0,-1.5707964,0.0
1970-01-01 00:00:00.067390034,0.067390034,0.0,0.0,0.0,0.0,97.793365,0.0,0.0,0.0,-1.5707964,0.0
1970-01-01 00:00:00.067396780,0.06739678,0.0,0.0,0.0,0.0,660.66986,0.0,0.0,0.0,-1.5707964,0.0
1970-01-01 00:00:00.067866041,0.067866041,0.0,0.0,0.0,0.0,726.31104,0.0,0.0,0.0,-1.5707964,0.0
1970-01-01 00:00:00.068262881,0.068262881,0.0,0.0,497.7206,0.0,0.0,0.0,0.0,0.0,-1.5707964,0.0
1970-01-01 00:00:00.068745790,0.06874579,0.0,0.0,0.0,610.967,0.0,0.0,0.0,0.0,-1.5707964,0.0
1970-01-01 00:00:00.068792518,0.068792518,0.0,0.0,768.7788,0.0,0.0,0.0,0.0,0.0,-1.5707964,0.0
1970-01-01 00:00:00.068873822,0.068873822,0.0,0.0,146.52663,0.0,0.0,0.0,0.0,0.0,-1.5707964,0.0
1970-01-01 00:00:00.068982652,0.068982652,0.0,0.0,1243.4652,0.0,0.0,0.0,0.0,0.0,-1.5707964,0.0
1970-01-01 00:00:00.068982652,0.068982652,0.0,0.0,0.0,660.0541,0.0,0.0,0.0,0.0,-1.5707964,0.0
1970-01-01 00:00:00.069089987,0.069089987,0.0,0.0,0.0,423.74173,0.0,0.0,0.0,0.0,-1.5707964,0.0
1970-01-01 00:00:00.069239569,0.069239569,0.0,0.0,0.0,0.0,565.8665,0.0,0.0,0.0,-1.5707964,0.0
1970-01-01 00:00:00.069512087,0.069512087,0.0,0.0,0.0,0.0,313.85068,0.0,0.0,0.0,-1.5707964,0.0
1970-01-01 00:00:00.069512087,0.069512087,0.0,0.0,0.0,0.0,132.72816,0.0,0.0,0.0,-1.5707964,0.0
1970-01-01 00:00:00.069924706,0.069924706,0.0,0.0,331.9588,0.0,0.0,0.0,0.0,0.0,-1.5707964,0.0
1970-01-01 00:00:00.070089380,0.07008938,0.0,0.0,0.0,0.0,0.0,107.26903,0.0,0.0,-1.5707964,0.0
1970-01-01 00:00:00.070262872,0.070262872,0.0,0.0,0.0,0.0,153.84142,0.0,0.0,0.0,-1.5707964,0.0
1970-01-01 00:00:00.070481833,0.070481833,0.0,547.8886,0.0,0.0,0.0,0.0,0.0,0.0,-1.5707964,0.0
1970-01-01 00:00:00.070656064,0.070656064,0.0,0.0,0.0,0.0,118.61015,0.0,0.0,0.0,-1.5707964,0.0
1970-01-01 00:00:00.071174536,0.071174536,0.0,0.0,0.0,0.0,836.57605,0.0,0.0,0.0,-1.5707964,0.0
1970-01-01 00:00:00.071220560,0.07122056,0.0,348.2742,0.0,0.0,0.0,0.0,0.0,0.0,-1.5707964,0.0
1970-01-01 00:00:00.071610143,0.071610143,0.0,0.0,0.0,0.0,149.28247,0.0,0.0,0.0,-1.5707964,0.0
1970-01-01 00:00:00.072706276,0.072706276,0.0,0.0,0.0,0.0,3044.649,0.0,0.0,0.0,-1.5707964,0.0
1970-01-01 00:00:00.072725111,0.072725111,0.0,0.0,0.0,0.0,256.77393,0.0,0.0,0.0,-1.5707964,0.0
1970-01-01 00:00:00.073269810,0.07326981,0.0,0.0,0.0,0.0,8396.118,0.0,0.0,0.0,-1.5707964,0.0
1970-01-01 00:00:00.074190168,0.074190168,0.0,588.6957,0.0,0.0,0.0,0.0,0.0,0.0,-1.5707964,0.0
1970-01-01 00:00:00.074751911,0.074751911,0.0,0.0,0.0,0.0,111.84051,0.0,0.0,0.0,-1.5707964,0.0
1970-01-01 00:00:00.075060462,0.075060462,0.0,0.0,0.0,0.0,89.37439,0.0,0.0,0.0,-1.5707964,0.0
1970-01-01 00:00:00.075898254,0.075898254,0.0,0.0,0.0,0.0,185.47823,0.0,0.0,0.0,-1.5707964,0.0
1970-01-01 00:00:00.076498266,0.076498266,0.0,88.664154,0.0,0.0,0.0,0.0,0.0,0.0,-1.5707964,0.0
1970-01-01 00:00:00.076615680,0.07661568,0.0,0.0,0.0,0.0,0.0,283.48376,0.0,0.0,-1.5707964,0.0
1970-01-01 00:00:00.076788239,0.076788239,0.0,0.0,0.0,0.0,0.0,190.4911,0.0,0.0,-1.5707964,0.0
1970-01-01 00:00:00.076877975,0.076877975,0.0,137.73146,0.0,0.0,0.0,0.0,0.0,0.0,-1.5707964,0.0
1970-01-01 00:00:00.077164749,0.077164749,0.0,0.0,0.0,0.0,209.98906,0.0,0.0,0.0,-1.5707964,0.0
1970-01-01 00:00:00.077195933,0.077195933,0.0,0.0,0.0,0.0,215.09674,0.0,0.0,0.0,-1.5707964,0.0
1970-01-01 00:00:00.077394866,0.077394866,0.0,0.0,308.2607,0.0,0.0,0.0,0.0,0.0,-1.5707964,0.0
1970-01-01 00:00:00.077434624,0.077434624,0.0,0.0,0.0,0.0,0.0,385.3169,0.0,0.0,-1.5707964,0.0
1970-01-01 00:00:00.077563004,0.077563004,0.0,188.83066,0.0,0.0,0.0,0.0,0.0,0.0,-1.5707964,0.0
1970-01-01 00:00:00.078284032,0.078284032,0.0,0.0,0.0,0.0,89.85827,0.0,0.0,0.0,-1.5707964,0.0
1970-01-01 00:00:00.079738608,0.079738608,96.50964,0.0,0.0,0.0,0.0,0.0,0.0,0.0,-1.5707964,0.0
1970-01-01 00:00:00.079798371,0.079798371,0.0,0.0,93.08765,0.0,0.0,0.0,0.0,0.0,-1.5707964,0.0
1970-01-01 00:00:00.082065450,0.08206545,0.0,0.0,0.0,0.0,255.99106,0.0,0.0,0.0,-1.5707964,0.0
1970-01-01 00:00:00.082259130,0.08225913,0.0,0.0,0.0,0.0,0.0,85.549706,0.0,0.0,-1.5707964,0.0
1970-01-01 00:00:00.082761681,0.082761681,0.0,0.0,0.0,0.0,0.0,840.2295,0.0,0.0,-1.5707964,0.0
1970-01-01 00:00:00.083960363,0.083960363,0.0,0.0,0.0,0.0,350.21112,0.0,0.0,0.0,-1.5707964,0.0
1970-01-01 00:00:00.084292421,0.084292421,0.0,0.0,0.0,0.0,0.0,138.09367,0.0,0.0,-1.5707964,0.0
1970-01-01 00:00:00.084421579,0.084421579,132.05295,0.0,0.0,0.0,0.0,0.0,0.0,0.0,-1.5707964,0.0
1970-01-01 00:00:00.084581422,0.084581422,0.0,0.0,243.18481,0.0,0.0,0.0,0.0,0.0,-1.5707964,0.0
1970-01-01 00:00:00.084846372,0.084846372,0.0,0.0,0.0,0.0,0.0,184.46667,0.0,0.0,-1.5707964,0.0
1970-01-01 00:00:00.085008590,0.08500859,0.0,0.0,0.0,0.0,922.24756,0.0,0.0,0.0,-1.5707964,0.0
1970-01-01 00:00:00.085008590,0.08500859,0.0,0.0,0.0,0.0,420.62778,0.0,0.0,0.0,-1.5707964,0.0
1970-01-01 00:00:00.085810169,0.085810169,0.0,593.7923,0.0,0.0,0.0,0.0,0.0,0.0,-1.5707964,0.0
1970-01-01 00:00:00.085962109,0.085962109,0.0,0.0,0.0,0.0,209.18782,0.0,0.0,0.0,-1.5707964,0.0
1970-01-01 00:00:00.086147702,0.086147702,0.0,131.34662,0.0,0.0,0.0,0.0,0.0,0.0,-1.5707964,0.0
1970-01-01 00:00:00.086241509,0.086241509,0.0,0.0,0.0,0.0,0.0,106.80254,0.0,0.0,-1.5707964,0.0
1970-01-01 00:00:00.086765894,0.086765894,0.0,0.0,0.0,0.0,0.0,4026.6704,0.0,0.0,-1.5707964,0.0
1970-01-01 00:00:00.087104936,0.087104936,0.0,0.0,0.0,0.0,396.69278,0.0,0.0,0.0,-1.5707964,0.0
1970-01-01 00:00:00.087856930,0.08785693,0.0,0.0,443.5008,0.0,0.0,0.0,0.0,0.0,-1.5707964,0.0
1970-01-01 00:00:00.088732819,0.088732819,0.0,0.0,0.0,0.0,0.0,142.38557,0.0,0.0,-1.5707964,0.0
1970-01-01 00:00:00.088886706,0.088886706,0.0,0.0,0.0,0.0,0.0,96.7256,0.0,0.0,-1.5707964,0.0
1970-01-01 00:00:00.088971693,0.088971693,0.0,0.0,0.0,0.0,353.70667,0.0,0.0,0.0,-1.5707964,0.0
1970-01-01 00:00:00.088978327,0.088978327,0.0,0.0,281.88382,0.0,0.0,0.0,0.0,0.0,-1.5707964,0.0
1970-01-01 00:00:00.090077136,0.090077136,0.0,0.0,0.0,0.0,90.224434,0.0,0.0,0.0,-1.5707964,0.0
1970-01-01 00:00:00.090465214,0.090465214,0.0,0.0,0.0,0.0,0.0,5851.5435,0.0,0.0,-1.5707964,0.0
1970-01-01 00:00:00.090465214,0.090465214,0.0,0.0,0.0,0.0,0.0,267.65256,0.0,0.0,-1.5707964,0.0
1970-01-01 00:00:00.090487133,0.090487133,0.0,211.81639,0.0,0.0,0.0,0.0,0.0,0.0,-1.5707964,0.0
1970-01-01 00:00:00.090540135,0.090540135,0.0,0.0,0.0,0.0,2563.6428,0.0,0.0,0.0,-1.5707964,0.0
1970-01-01 00:00:00.091947700,0.0919477,0.0,138.34961,0.0,0.0,0.0,0.0,0.0,0.0,-1.5707964,0.0
1970-01-01 00:00:00.091977511,0.091977511,0.0,0.0,0.0,0.0,97.59035,0.0,0.0,0.0,-1.5707964,0.0
1970-01-01 00:00:00.092069505,0.092069505,0.0,0.0,0.0,0.0,779.10333,0.0,0.0,0.0,-1.5707964,0.0
1970-01-01 00:00:00.092397791,0.092397791,0.0,0.0,0.0,0.0,0.0,206.75574,0.0,0.0,-1.5707964,0.0
1970-01-01 00:00:00.092479963,0.092479963,0.0,0.0,0.0,0.0,81.16382,0.0,0.0,0.0,-1.5707964,0.0
1970-01-01 00:00:00.092561100,0.0925611,164.19794,0.0,0.0,0.0,0.0,0.0,0.0,0.0,-1.5707964,0.0
1970-01-01 00:00:00.092634166,0.092634166,0.0,0.0,0.0,0.0,892.6839,0.0,0.0,0.0,-1.5707964,0.0
1970-01-01 00:00:00.092660348,0.092660348,0.0,621.7009,0.0,0.0,0.0,0.0,0.0,0.0,-1.5707964,0.0
1970-01-01 00:00:00.092717374,0.092717374,129.7012,0.0,0.0,0.0,0.0,0.0,0.0,0.0,-1.5707964,0.0
1970-01-01 00:00:00.092942024,0.092942024,0.0,0.0,0.0,0.0,6586.732,0.0,0.0,0.0,-1.5707964,0.0
1970-01-01 00:00:00.092979696,0.092979696,0.0,180.75548,0.0,0.0,0.0,0.0,0.0,0.0,-1.5707964,0.0
1970-01-01 00:00:00.093105545,0.093105545,0.0,0.0,0.0,0.0,629.23236,0.0,0.0,0.0,-1.5707964,0.0
1970-01-01 00:00:00.093355875,0.093355875,0.0,0.0,0.0,0.0,130.96947,0.0,0.0,0.0,-1.5707964,0.0
1970-01-01 00:00:00.093834988,0.093834988,553.79443,0.0,0.0,0.0,0.0,0.0,0.0,0.0,-1.5707964,0.0
1970-01-01 00:00:00.093884865,0.093884865,0.0,0.0,0.0,81.42046,0.0,0.0,0.0,0.0,-1.5707964,0.0
1970-01-01 00:00:00.093939212,0.093939212,0.0,0.0,0.0,0.0,0.0,101.05271,0.0,0.0,-1.5707964,0.0
1970-01-01 00:00:00.093989787,0.093989787,252.64888,0.0,0.0,0.0,0.0,0.0,0.0,0.0,-1.5707964,0.0
1970-01-01 00:00:00.094054656,0.094054656,0.0,0.0,84.901184,0.0,0.0,0.0,0.0,0.0,-1.5707964,0.0
1970-01-01 00:00:00.094054656,0.094054656,0.0,0.0,0.0,0.0,123.032936,0.0,0.0,0.0,-1.5707964,0.0
1970-01-01 00:00:00.094157565,0.094157565,0.0,0.0,0.0,0.0,785.67334,0.0,0.0,0.0,-1.5707964,0.0
1970-01-01 00:00:00.094253153,0.094253153,0.0,0.0,222.18175,0.0,0.0,0.0,0.0,0.0,-1.5707964,0.0
1970-01-01 00:00:00.094476109,0.094476109,0.0,0.0,0.0,0.0,260.49133,0.0,0.0,0.0,-1.5707964,0.0
1970-01-01 00:00:00.094545997,0.094545997,0.0,87.77122,0.0,0.0,0.0,0.0,0.0,0.0,-1.5707964,0.0
1970-01-01 00:00:00.094559400,0.0945594,0.0,0.0,0.0,0.0,1155.1434,0.0,0.0,0.0,-1.5707964,0.0
1970-01-01 00:00:00.094627312,0.094627312,0.0,0.0,0.0,0.0,84.76797,0.0,0.0,0.0,-1.5707964,0.0
1970-01-01 00:00:00.094662499,0.094662499,0.0,0.0,0.0,0.0,88.76531,0.0,0.0,0.0,-1.5707964,0.0
1970-01-01 00:00:00.095223683,0.095223683,0.0,0.0,0.0,0.0,83.924034,0.0,0.0,0.0,-1.5707964,0.0
1970-01-01 00:00:00.095308570,0.09530857,0.0,0.0,0.0,0.0,0.0,483.67502,0.0,0.0,-1.5707964,0.0
1970-01-01 00:00:00.095332416,0.095332416,0.0,0.0,0.0,0.0,0.0,112.41238,0.0,0.0,-1.5707964,0.0
1970-01-01 00:00:00.095339097,0.095339097,0.0,725.8006,0.0,0.0,0.0,0.0,0.0,0.0,-1.5707964,0.0
1970-01-01 00:00:00.095486383,0.095486383,0.0,0.0,0.0,0.0,91.29517,0.0,0.0,0.0,-1.5707964,0.0
1970-01-01 00:00:00.095581502,0.095581502,0.0,0.0,0.0,0.0,0.0,258.73065,0.0,0.0,-1.5707964,0.0
1970-01-01 00:00:00.095688766,0.095688766,0.0,0.0,0.0,0.0,117.6467,0.0,0.0,0.0,-1.5707964,0.0
1970-01-01 00:00:00.095711679,0.095711679,0.0,0.0,0.0,0.0,1949.4683,0.0,0.0,0.0,-1.5707964,0.0
1970-01-01 00:00:00.095722790,0.09572279,1340.3108,0.0,0.0,0.0,0.0,0.0,0.0,0.0,-1.5707964,0.0
1970-01-01 00:00:00.095768053,0.095768053,0.0,0.0,0.0,0.0,690.1898,0.0,0.0,0.0,-1.5707964,0.0
1970-01-01 00:00:00.095919190,0.09591919,0.0,0.0,0.0,0.0,2081.7083,0.0,0.0,0.0,-1.5707964,0.0
1970-01-01 00:00:00.096071490,0.09607149,0.0,0.0,0.0,0.0,0.0,116.270294,0.0,0.0,-1.5707964,0.0
1970-01-01 00:00:00.096120450,0.09612045,0.0,0.0,0.0,0.0,404.71515,0.0,0.0,0.0,-1.5707964,0.0
1970-01-01 00:00:00.096265132,0.096265132,0.0,0.0,0.0,0.0,394.3835,0.0,0.0,0.0,-1.5707964,0.0
1970-01-01 00:00:00.096356285,0.096356285,415.27502,0.0,0.0,0.0,0.0,0.0,0.0,0.0,-1.5707964,0.0
1970-01-01 00:00:00.096360223,0.096360223,0.0,119.32491,0.0,0.0,0.0,0.0,0.0,0.0,-1.5707964,0.0
1970-01-01 00:00:00.096395439,0.096395439,113.461624,0.0,0.0,0.0,0.0,0.0,0.0,0.0,-1.5707964,0.0
1970-01-01 00:00:00.096488717,0.096488717,0.0,0.0,0.0,0.0,229.72484,0.0,0.0,0.0,-1.5707964,0.0
1970-01-01 00:00:00.096560025,0.096560025,0.0,0.0,0.0,0.0,373.6852,0.0,0.0,0.0,-1.5707964,0.0
1970-01-01 00:00:00.096600377,0.096600377,163.37874,0.0,0.0,0.0,0.0,0.0,0.0,0.0,-1.5707964,0.0
1970-01-01 00:00:00.096885232,0.096885232,0.0,0.0,0.0,0.0,337.57547,0.0,0.0,0.0,-1.5707964,0.0
1970-01-01 00:00:00.096924930,0.09692493,0.0,432.94662,0.0,0.0,0.0,0.0,0.0,0.0,-1.5707964,0.0
1970-01-01 00:00:00.097343808,0.097343808,0.0,0.0,0.0,0.0,0.0,157.58514,0.0,0.0,-1.5707964,0.0
1970-01-01 00:00:00.097346676,0.097346676,0.0,0.0,0.0,0.0,130.01741,0.0,0.0,0.0,-1.5707964,0.0
1970-01-01 00:00:00.097591746,0.097591746,0.0,0.0,0.0,0.0,134.90025,0.0,0.0,0.0,-1.5707964,0.0
1970-01-01 00:00:00.097741469,0.097741469,0.0,113.89314,0.0,0.0,0.0,0.0,0.0,0.0,-1.5707964,0.0
1970-01-01 00:00:00.098281636,0.098281636,0.0,0.0,0.0,0.0,123.54761,0.0,0.0,0.0,-1.5707964,0.0
1970-01-01 00:00:00.098954160,0.09895416,0.0,1115.5332,0.0,0.0,0.0,0.0,0.0,0.0,-1.5707964,0.0
1970-01-01 00:00:00.099099780,0.09909978,0.0,0.0,0.0,0.0,120.116264,0.0,0.0,0.0,-1.5707964,0.0
1970-01-01 00:00:00.099465577,0.099465577,0.0,0.0,0.0,454.22726,0.0,0.0,0.0,0.0,-1.5707964,0.0
1970-01-01 00:00:00.099465577,0.099465577,0.0,0.0,0.0,1351.4573,0.0,0.0,0.0,0.0,-1.5707964,0.0
1970-01-01 00:00:00.099706845,0.099706845,0.0,141.43954,0.0,0.0,0.0,0.0,0.0,0.0,-1.5707964,0.0
1970-01-01 00:00:00.100083894,0.100083894,0.0,108.21484,0.0,0.0,0.0,0.0,0.0,0.0,-1.5707964,0.0
1970-01-01 00:00:00.100227563,0.100227563,0.0,86.462746,0.0,0.0,0.0,0.0,0.0,0.0,-1.5707964,0.0
1970-01-01 00:00:00.100345945,0.100345945,0.0,759.5311,0.0,0.0,0.0,0.0,0.0,0.0,-1.5707964,0.0
1970-01-01 00:00:00.100345945,0.100345945,0.0,1222.7479,0.0,0.0,0.0,0.0,0.0,0.0,-1.5707964,0.0
1970-01-01 00:00:00.100543650,0.10054365,0.0,0.0,0.0,0.0,424.82248,0.0,0.0,0.0,-1.5707964,0.0
1970-01-01 00:00:00.101098886,0.101098886,0.0,0.0,0.0,0.0,135.65381,0.0,0.0,0.0,-1.5707964,0.0
1970-01-01 00:00:00.101206260,0.10120626,0.0,0.0,114.08222,0.0,0.0,0.0,0.0,0.0,-1.5707964,0.0
1970-01-01 00:00:00.101237806,0.101237806,235.95883,0.0,0.0,0.0,0.0,0.0,0.0,0.0,-1.5707964,0.0
1970-01-01 00:00:00.101352707,0.101352707,0.0,0.0,138.45494,0.0,0.0,0.0,0.0,0.0,-1.5707964,0.0
1970-01-01 00:00:00.101424108,0.101424108,0.0,0.0,0.0,0.0,677.3527,0.0,0.0,0.0,-1.5707964,0.0
1970-01-01 00:00:00.101514300,0.1015143,0.0,166.85533,0.0,0.0,0.0,0.0,0.0,0.0,-1.5707964,0.0
1970-01-01 00:00:00.101649949,0.101649949,0.0,0.0,0.0,0.0,1425.4319,0.0,0.0,0.0,-1.5707964,0.0
1970-01-01 00:00:00.102490699,0.102490699,0.0,0.0,149.5465,0.0,0.0,0.0,0.0,0.0,-1.5707964,0.0
1970-01-01 00:00:00.102556711,0.102556711,0.0,0.0,0.0,0.0,0.0,80.93186,0.0,0.0,-1.5707964,0.0
1970-01-01 00:00:00.103095424,0.103095424,0.0,0.0,0.0,99.87095,0.0,0.0,0.0,0.0,-1.5707964,0.0
1970-01-01 00:00:00.103341775,0.103341775,0.0,1982.3613,0.0,0.0,0.0,0.0,0.0,0.0,-1.5707964,0.0
1970-01-01 00:00:00.103642707,0.103642707,0.0,0.0,360.69992,0.0,0.0,0.0,0.0,0.0,-1.5707964,0.0
1970-01-01 00:00:00.103867612,0.103867612,0.0,0.0,94.405304,0.0,0.0,0.0,0.0,0.0,-1.5707964,0.0
1970-01-01 00:00:00.104000497,0.104000497,0.0,0.0,0.0,0.0,253.45767,0.0,0.0,0.0,-1.5707964,0.0
1970-01-01 00:00:00.104761750,0.10476175,0.0,0.0,0.0,0.0,330.8474,0.0,0.0,0.0,-1.5707964,0.0
1970-01-01 00:00:00.105094548,0.105094548,0.0,98.98453,0.0,0.0,0.0,0.0,0.0,0.0,-1.5707964,0.0
1970-01-01 00:00:00.105286122,0.105286122,170.41716,0.0,0.0,0.0,0.0,0.0,0.0,0.0,-1.5707964,0.0
1970-01-01 00:00:00.105314350,0.10531435,0.0,0.0,113.397255,0.0,0.0,0.0,0.0,0.0,-1.5707964,0.0
1970-01-01 00:00:00.105444813,0.105444813,0.0,0.0,0.0,0.0,1297.3309,0.0,0.0,0.0,-1.5707964,0.0
1970-01-01 00:00:00.105899801,0.105899801,106.8641,0.0,0.0,0.0,0.0,0.0,0.0,0.0,-1.5707964,0.0
1970-01-01 00:00:00.106272093,0.106272093,0.0,93.69411,0.0,0.0,0.0,0.0,0.0,0.0,-1.5707964,0.0
1970-01-01 00:00:00.106399182,0.106399182,0.0,0.0,0.0,459.9786,0.0,0.0,0.0,0.0,-1.5707964,0.0
1970-01-01 00:00:00.106931781,0.106931781,0.0,83.43402,0.0,0.0,0.0,0.0,0.0,0.0,-1.5707964,0.0
1970-01-01 00:00:00.107059597,0.107059597,0.0,0.0,0.0,0.0,153.922,0.0,0.0,0.0,-1.5707964,0.0
1970-01-01 00:00:00.107412521,0.107412521,0.0,583.2524,0.0,0.0,0.0,0.0,0.0,0.0,-1.5707964,0.0
1970-01-01 00:00:00.107483951,0.107483951,0.0,0.0,0.0,0.0,243.99535,0.0,0.0,0.0,-1.5707964,0.0
1970-01-01 00:00:00.107534257,0.107534257,0.0,95.24664,0.0,0.0,0.0,0.0,0.0,0.0,-1.5707964,0.0
1970-01-01 00:00:00.107691956,0.107691956,0.0,816.17316,0.0,0.0,0.0,0.0,0.0,0.0,-1.5707964,0.0
1970-01-01 00:00:00.107837876,0.107837876,0.0,111.62588,0.0,0.0,0.0,0.0,0.0,0.0,-1.5707964,0.0
1970-01-01 00:00:00.108062960,0.10806296,0.0,445.86697,0.0,0.0,0.0,0.0,0.0,0.0,-1.5707964,0.0
1970-01-01 00:00:00.108111108,0.108111108,0.0,0.0,533.45233,0.0,0.0,0.0,0.0,0.0,-1.5707964,0.0
1970-01-01 00:00:00.108355993,0.108355993,0.0,545.5852,0.0,0.0,0.0,0.0,0.0,0.0,-1.5707964,0.0
1970-01-01 00:00:00.108503927,0.108503927,0.0,0.0,0.0,0.0,85.1802,0.0,0.0,0.0,-1.5707964,0.0
1970-01-01 00:00:00.109085346,0.109085346,0.0,0.0,0.0,0.0,156.0925,0.0,0.0,0.0,-1.5707964,0.0
1970-01-01 00:00:00.109129113,0.109129113,226.36536,0.0,0.0,0.0,0.0,0.0,0.0,0.0,-1.5707964,0.0
1970-01-01 00:00:00.109223018,0.109223018,0.0,144.43956,0.0,0.0,0.0,0.0,0.0,0.0,-1.5707964,0.0
1970-01-01 00:00:00.109378182,0.109378182,0.0,0.0,810.26886,0.0,0.0,0.0,0.0,0.0,-1.5707964,0.0
1970-01-01 00:00:00.109803837,0.109803837,115.129654,0.0,0.0,0.0,0.0,0.0,0.0,0.0,-1.5707964,0.0
1970-01-01 00:00:00.109978715,0.109978715,0.0,0.0,0.0,0.0,0.0,123.46019,0.0,0.0,-1.5707964,0.0
1970-01-01 00:00:00.110427229,0.110427229,0.0,148.17397,0.0,0.0,0.0,0.0,0.0,0.0,-1.5707964,0.0
1970-01-01 00:00:00.110725618,0.110725618,0.0,0.0,0.0,0.0,212.17499,0.0,0.0,0.0,-1.5707964,0.0
1970-01-01 00:00:00.110774535,0.110774535,0.0,0.0,437.23276,0.0,0.0,0.0,0.0,0.0,-1.5707964,0.0
1970-01-01 00:00:00.110871185,0.110871185,0.0,0.0,0.0,0.0,225.04585,0.0,0.0,0.0,-1.5707964,0.0
1970-01-01 00:00:00.111051444,0.111051444,0.0,0.0,0.0,0.0,0.0,1332.4739,0.0,0.0,-1.5707964,0.0
1970-01-01 00:00:00.111099635,0.111099635,0.0,0.0,264.2398,0.0,0.0,0.0,0.0,0.0,-1.5707964,0.0
1970-01-01 00:00:00.111803403,0.111803403,0.0,282.51523,0.0,0.0,0.0,0.0,0.0,0.0,-1.5707964,0.0
1970-01-01 00:00:00.111824976,0.111824976,0.0,0.0,0.0,0.0,378.39584,0.0,0.0,0.0,-1.5707964,0.0
1970-01-01 00:00:00.112172558,0.112172558,0.0,0.0,0.0,0.0,0.0,266.70428,0.0,0.0,-1.5707964,0.0
1970-01-01 00:00:00.112452801,0.112452801,0.0,0.0,0.0,0.0,1050.0673,0.0,0.0,0.0,-1.5707964,0.0
1970-01-01 00:00:00.113092326,0.113092326,0.0,0.0,0.0,0.0,0.0,155.18071,0.0,0.0,-1.5707964,0.0
1970-01-01 00:00:00.113231817,0.113231817,0.0,0.0,0.0,0.0,1168.104,0.0,0.0,0.0,-1.5707964,0.0
1970-01-01 00:00:00.113371464,0.113371464,0.0,0.0,0.0,0.0,683.03687,0.0,0.0,0.0,-1.5707964,0.0
1970-01-01 00:00:00.113432434,0.113432434,0.0,191.2646,0.0,0.0,0.0,0.0,0.0,0.0,-1.5707964,0.0
1970-01-01 00:00:00.113699491,0.113699491,0.0,117.4191,0.0,0.0,0.0,0.0,0.0,0.0,-1.5707964,0.0
1970-01-01 00:00:00.113699491,0.113699491,0.0,247.91719,0.0,0.0,0.0,0.0,0.0,0.0,-1.5707964,0.0
1970-01-01 00:00:00.113738660,0.11373866,0.0,0.0,0.0,0.0,3794.1096,0.0,0.0,0.0,-1.5707964,0.0
1970-01-01 00:00:00.113970785,0.113970785,0.0,0.0,0.0,372.79132,0.0,0.0,0.0,0.0,-1.5707964,0.0
1970-01-01 00:00:00.114005787,0.114005787,0.0,0.0,0.0,0.0,197.82603,0.0,0.0,0.0,-1.5707964,0.0
1970-01-01 00:00:00.114077968,0.114077968,0.0,224.58707,0.0,0.0,0.0,0.0,0.0,0.0,-1.5707964,0.0
1970-01-01 00:00:00.114149465,0.114149465,0.0,0.0,0.0,423.31488,0.0,0.0,0.0,0.0,-1.5707964,0.0
1970-01-01 00:00:00.114255627,0.114255627,0.0,0.0,0.0,0.0,0.0,503.06082,0.0,0.0,-1.5707964,0.0
1970-01-01 00:00:00.114257606,0.114257606,0.0,0.0,114.525795,0.0,0.0,0.0,0.0,0.0,-1.5707964,0.0
1970-01-01 00:00:00.114506089,0.114506089,134.99017,0.0,0.0,0.0,0.0,0.0,0.0,0.0,-1.5707964,0.0
1970-01-01 00:00:00.114543204,0.114543204,0.0,165.90675,0.0,0.0,0.0,0.0,0.0,0.0,-1.5707964,0.0
1970-01-01 00:00:00.114807488,0.114807488,0.0,0.0,0.0,0.0,1698.2268,0.0,0.0,0.0,-1.5707964,0.0
1970-01-01 00:00:00.114867092,0.114867092,0.0,794.4549,0.0,0.0,0.0,0.0,0.0,0.0,-1.5707964,0.0
1970-01-01 00:00:00.114969178,0.114969178,0.0,164.2573,0.0,0.0,0.0,0.0,0.0,0.0,-1.5707964,0.0
1970-01-01 00:00:00.115664947,0.115664947,0.0,0.0,0.0,0.0,95.153595,0.0,0.0,0.0,-1.5707964,0.0
1970-01-01 00:00:00.115664947,0.115664947,0.0,0.0,0.0,0.0,4666.786,0.0,0.0,0.0,-1.5707964,0.0
1970-01-01 00:00:00.115664947,0.115664947,0.0,0.0,0.0,773.139,0.0,0.0,0.0,0.0,-1.5707964,0.0
1970-01-01 00:00:00.115789372,0.115789372,1848.8013,0.0,0.0,0.0,0.0,0.0,0.0,0.0,-1.5707964,0.0
1970-01-01 00:00:00.115949142,0.115949142,0.0,0.0,0.0,0.0,0.0,3012.7878,0.0,0.0,-1.5707964,0.0
1970-01-01 00:00:00.116419052,0.116419052,0.0,481.701,0.0,0.0,0.0,0.0,0.0,0.0,-1.5707964,0.0
1970-01-01 00:00:00.116421268,0.116421268,0.0,0.0,93.5648,0.0,0.0,0.0,0.0,0.0,-1.5707964,0.0
1970-01-01 00:00:00.116454667,0.116454667,0.0,195.7438,0.0,0.0,0.0,0.0,0.0,0.0,-1.5707964,0.0
1970-01-01 00:00:00.116617515,0.116617515,0.0,449.0835,0.0,0.0,0.0,0.0,0.0,0.0,-1.5707964,0.0
1970-01-01 00:00:00.116617515,0.116617515,0.0,1171.7048,0.0,0.0,0.0,0.0,0.0,0.0,-1.5707964,0.0
1970-01-01 00:00:00.116709560,0.11670956,0.0,0.0,0.0,0.0,83.77127,0.0,0.0,0.0,-1.5707964,0.0
1970-01-01 00:00:00.117264551,0.117264551,0.0,0.0,0.0,0.0,0.0,321.10077,0.0,0.0,-1.5707964,0.0
1970-01-01 00:00:00.117363119,0.117363119,0.0,0.0,134.49861,0.0,0.0,0.0,0.0,0.0,-1.5707964,0.0
1970-01-01 00:00:00.117404564,0.117404564,0.0,0.0,0.0,0.0,364.53366,0.0,0.0,0.0,-1.5707964,0.0
1970-01-01 00:00:00.117475644,0.117475644,0.0,101.38961,0.0,0.0,0.0,0.0,0.0,0.0,-1.5707964,0.0
1970-01-01 00:00:00.117940623,0.117940623,0.0,0.0,0.0,0.0,115.969124,0.0,0.0,0.0,-1.5707964,0.0
1970-01-01 00:00:00.118270361,0.118270361,0.0,0.0,0.0,0.0,447.17526,0.0,0.0,0.0,-1.5707964,0.0
1970-01-01 00:00:00.118416909,0.118416909,0.0,94.612495,0.0,0.0,0.0,0.0,0.0,0.0,-1.5707964,0.0
1970-01-01 00:00:00.118738432,0.118738432,0.0,0.0,0.0,0.0,142.46127,0.0,0.0,0.0,-1.5707964,0.0
1970-01-01 00:00:00.119037860,0.11903786,0.0,160.85922,0.0,0.0,0.0,0.0,0.0,0.0,-1.5707964,0.0
1970-01-01 00:00:00.119363705,0.119363705,1566.2516,0.0,0.0,0.0,0.0,0.0,0.0,0.0,-1.5707964,0.0
1970-01-01 00:00:00.119446885,0.119446885,0.0,0.0,0.0,0.0,155.93954,0.0,0.0,0.0,-1.5707964,0.0
1970-01-01 00:00:00.119638927,0.119638927,0.0,0.0,0.0,6486.869,0.0,0.0,0.0,0.0,-1.5707964,0.0
1970-01-01 00:00:00.119638927,0.119638927,0.0,0.0,0.0,0.0,0.0,502.59326,0.0,0.0,-1.5707964,0.0
1970-01-01 00:00:00.119883307,0.119883307,0.0,0.0,3022.5398,0.0,0.0,0.0,0.0,0.0,-1.5707964,0.0
1970-01-01 00:00:00.120315316,0.120315316,0.0,0.0,0.0,0.0,3798.5515,0.0,0.0,0.0,-1.5707964,0.0
1970-01-01 00:00:00.120315316,0.120315316,0.0,0.0,0.0,494.67017,0.0,0.0,0.0,0.0,-1.5707964,0.0
1970-01-01 00:00:00.120439554,0.120439554,0.0,0.0,0.0,0.0,213.08363,0.0,0.0,0.0,-1.5707964,0.0
1970-01-01 00:00:00.120471204,0.120471204,0.0,115.13343,0.0,0.0,0.0,0.0,0.0,0.0,-1.5707964,0.0
1970-01-01 00:00:00.120526334,0.120526334,0.0,153.8489,0.0,0.0,0.0,0.0,0.0,0.0,-1.5707964,0.0
1970-01-01 00:00:00.120545773,0.120545773,0.0,291.99728,0.0,0.0,0.0,0.0,0.0,0.0,-1.5707964,0.0
1970-01-01 00:00:00.120830158,0.120830158,0.0,518.53656,0.0,0.0,0.0,0.0,0.0,0.0,-1.5707964,0.0
1970-01-01 00:00:00.121258145,0.121258145,1340.7227,0.0,0.0,0.0,0.0,0.0,0.0,0.0,-1.5707964,0.0
1970-01-01 00:00:00.121567981,0.121567981,0.0,624.1724,0.0,0.0,0.0,0.0,0.0,0.0,-1.5707964,0.0
1970-01-01 00:00:00.121794336,0.121794336,462.65448,0.0,0.0,0.0,0.0,0.0,0.0,0.0,-1.5707964,0.0
1970-01-01 00:00:00.121920343,0.121920343,0.0,0.0,0.0,0.0,747.6478,0.0,0.0,0.0,-1.5707964,0.0
1970-01-01 00:00:00.122668448,0.122668448,0.0,0.0,2010.609,0.0,0.0,0.0,0.0,0.0,-1.5707964,0.0
1970-01-01 00:00:00.123410400,0.1234104,0.0,182.1633,0.0,0.0,0.0,0.0,0.0,0.0,-1.5707964,0.0
1970-01-01 00:00:00.123777647,0.123777647,90.68834,0.0,0.0,0.0,0.0,0.0,0.0,0.0,-1.5707964,0.0
1970-01-01 00:00:00.123805596,0.123805596,0.0,514.56067,0.0,0.0,0.0,0.0,0.0,0.0,-1.5707964,0.0
1970-01-01 00:00:00.123885098,0.123885098,0.0,0.0,0.0,0.0,89.93855,0.0,0.0,0.0,-1.5707964,0.0
1970-01-01 00:00:00.123940320,0.12394032,0.0,0.0,231.86716,0.0,0.0,0.0,0.0,0.0,-1.5707964,0.0
1970-01-01 00:00:00.123956770,0.12395677,0.0,185.38428,0.0,0.0,0.0,0.0,0.0,0.0,-1.5707964,0.0
1970-01-01 00:00:00.124416680,0.12441668,0.0,0.0,516.9925,0.0,0.0,0.0,0.0,0.0,-1.5707964,0.0
1970-01-01 00:00:00.124571931,0.124571931,0.0,0.0,0.0,0.0,995.828,0.0,0.0,0.0,-1.5707964,0.0
1970-01-01 00:00:00.124739775,0.124739775,0.0,0.0,385.92868,0.0,0.0,0.0,0.0,0.0,-1.5707964,0.0
1970-01-01 00:00:00.124805413,0.124805413,0.0,0.0,0.0,0.0,319.7167,0.0,0.0,0.0,-1.5707964,0.0
1970-01-01 00:00:00.125116761,0.125116762,0.0,0.0,0.0,0.0,212.44466,0.0,0.0,0.0,-1.5707964,0.0
1970-01-01 00:00:00.125143717,0.125143718,0.0,90.3853,0.0,0.0,0.0,0.0,0.0,0.0,-1.5707964,0.0
1970-01-01 00:00:00.125360762,0.125360763,0.0,0.0,1040.382,0.0,0.0,0.0,0.0,0.0,-1.5707964,0.0
1970-01-01 00:00:00.126178605,0.126178605,0.0,0.0,0.0,129.0519,0.0,0.0,0.0,0.0,-1.5707964,0.0
1970-01-01 00:00:00.126390832,0.126390832,0.0,2640.793,0.0,0.0,0.0,0.0,0.0,0.0,-1.5707964,0.0
1970-01-01 00:00:00.126408514,0.126408514,0.0,0.0,0.0,0.0,6017.334,0.0,0.0,0.0,-1.5707964,0.0
1970-01-01 00:00:00.126599900,0.126599901,0.0,0.0,296.9158,0.0,0.0,0.0,0.0,0.0,-1.5707964,0.0
1970-01-01 00:00:00.126677400,0.1266774,0.0,0.0,0.0,0.0,130.35744,0.0,0.0,0.0,-1.5707964,0.0
1970-01-01 00:00:00.127074128,0.127074128,0.0,0.0,0.0,645.1315,0.0,0.0,0.0,0.0,-1.5707964,0.0
1970-01-01 00:00:00.127124133,0.127124133,0.0,0.0,983.6905,0.0,0.0,0.0,0.0,0.0,-1.5707964,0.0
1970-01-01 00:00:00.127367655,0.127367655,0.0,0.0,0.0,0.0,116.60581,0.0,0.0,0.0,-1.5707964,0.0
1970-01-01 00:00:00.127452669,0.12745267,0.0,218.41864,0.0,0.0,0.0,0.0,0.0,0.0,-1.5707964,0.0
1970-01-01 00:00:00.127643410,0.12764341,0.0,0.0,0.0,0.0,91.45881,0.0,0.0,0.0,-1.5707964,0.0
1970-01-01 00:00:00.127648688,0.127648688,0.0,140.63356,0.0,0.0,0.0,0.0,0.0,0.0,-1.5707964,0.0
1970-01-01 00:00:00.127766304,0.127766304,0.0,0.0,0.0,0.0,262.96786,0.0,0.0,0.0,-1.5707964,0.0
1970-01-01 00:00:00.128064665,0.128064665,0.0,131.64214,0.0,0.0,0.0,0.0,0.0,0.0,-1.5707964,0.0
1970-01-01 00:00:00.128562272,0.128562272,0.0,0.0,0.0,0.0,102.28865,0.0,0.0,0.0,-1.5707964,0.0
1970-01-01 00:00:00.128570785,0.128570785,2006.8231,0.0,0.0,0.0,0.0,0.0,0.0,0.0,-1.5707964,0.0
1970-01-01 00:00:00.128680952,0.128680953,0.0,0.0,0.0,0.0,159.79779,0.0,0.0,0.0,-1.5707964,0.0
1970-01-01 00:00:00.128764379,0.128764379,0.0,0.0,0.0,0.0,283.5013,0.0,0.0,0.0,-1.5707964,0.0
1970-01-01 00:00:00.128845696,0.128845696,0.0,508.43903,0.0,0.0,0.0,0.0,0.0,0.0,-1.5707964,0.0
1970-01-01 00:00:00.128933283,0.128933283,0.0,0.0,292.91647,0.0,0.0,0.0,0.0,0.0,-1.5707964,0.0
1970-01-01 00:00:00.129151274,0.129151274,0.0,0.0,0.0,0.0,4339.317,0.0,0.0,0.0,-1.5707964,0.0
1970-01-01 00:00:00.129342087,0.129342087,0.0,0.0,0.0,0.0,0.0,312.8441,0.0,0.0,-1.5707964,0.0
1970-01-01 00:00:00.129419557,0.129419558,0.0,106.53414,0.0,0.0,0.0,0.0,0.0,0.0,-1.5707964,0.0
1970-01-01 00:00:00.129504712,0.129504712,0.0,0.0,0.0,0.0,284.43915,0.0,0.0,0.0,-1.5707964,0.0
1970-01-01 00:00:00.130011503,0.130011503,0.0,0.0,553.2695,0.0,0.0,0.0,0.0,0.0,-1.5707964,0.0
1970-01-01 00:00:00.130469370,0.13046937,0.0,489.41437,0.0,0.0,0.0,0.0,0.0,0.0,-1.5707964,0.0
1970-01-01 00:00:00.130560865,0.130560865,0.0,0.0,0.0,260.42865,0.0,0.0,0.0,0.0,-1.5707964,0.0
1970-01-01 00:00:00.130918564,0.130918565,0.0,80.53153,0.0,0.0,0.0,0.0,0.0,0.0,-1.5707964,0.0
1970-01-01 00:00:00.131610624,0.131610624,0.0,0.0,0.0,0.0,0.0,123.303825,0.0,0.0,-1.5707964,0.0
1970-01-01 00:00:00.131732328,0.131732328,0.0,0.0,0.0,0.0,504.08304,0.0,0.0,0.0,-1.5707964,0.0
1970-01-01 00:00:00.131804167,0.131804167,0.0,0.0,0.0,0.0,0.0,406.90506,0.0,0.0,-1.5707964,0.0
1970-01-01 00:00:00.131881337,0.131881338,0.0,0.0,0.0,0.0,108.15772,0.0,0.0,0.0,-1.5707964,0.0
1970-01-01 00:00:00.131887181,0.131887182,0.0,0.0,0.0,0.0,532.7516,0.0,0.0,0.0,-1.5707964,0.0
1970-01-01 00:00:00.131984481,0.131984482,0.0,0.0,0.0,0.0,405.2158,0.0,0.0,0.0,-1.5707964,0.0
1970-01-01 00:00:00.132059952,0.132059952,0.0,273.03662,0.0,0.0,0.0,0.0,0.0,0.0,-1.5707964,0.0
1970-01-01 00:00:00.132316860,0.13231686,0.0,0.0,0.0,0.0,111.151245,0.0,0.0,0.0,-1.5707964,0.0
1970-01-01 00:00:00.133007374,0.133007374,0.0,0.0,0.0,0.0,121.78811,0.0,0.0,0.0,-1.5707964,0.0
1970-01-01 00:00:00.133263943,0.133263943,211.71788,0.0,0.0,0.0,0.0,0.0,0.0,0.0,-1.5707964,0.0
1970-01-01 00:00:00.133311757,0.133311757,221.6198,0.0,0.0,0.0,0.0,0.0,0.0,0.0,-1.5707964,0.0
1970-01-01 00:00:00.133508439,0.133508439,0.0,0.0,0.0,0.0,4996.3457,0.0,0.0,0.0,-1.5707964,0.0
1970-01-01 00:00:00.134121356,0.134121356,0.0,0.0,245.79953,0.0,0.0,0.0,0.0,0.0,-1.5707964,0.0
1970-01-01 00:00:00.134540459,0.134540459,0.0,0.0,887.88837,0.0,0.0,0.0,0.0,0.0,-1.5707964,0.0
1970-01-01 00:00:00.134650397,0.134650397,0.0,0.0,0.0,0.0,123.75545,0.0,0.0,0.0,-1.5707964,0.0
1970-01-01 00:00:00.134705099,0.134705099,0.0,0.0,0.0,0.0,566.32635,0.0,0.0,0.0,-1.5707964,0.0
1970-01-01 00:00:00.135241237,0.135241237,0.0,0.0,0.0,0.0,224.38332,0.0,0.0,0.0,-1.5707964,0.0
1970-01-01 00:00:00.135855554,0.135855554,275.4462,0.0,0.0,0.0,0.0,0.0,0.0,0.0,-1.5707964,0.0
1970-01-01 00:00:00.135965167,0.135965167,0.0,148.112,0.0,0.0,0.0,0.0,0.0,0.0,-1.5707964,0.0
1970-01-01 00:00:00.136188853,0.136188853,0.0,0.0,0.0,0.0,3464.2434,0.0,0.0,0.0,-1.5707964,0.0
1970-01-01 00:00:00.136469469,0.136469469,0.0,0.0,97.22304,0.0,0.0,0.0,0.0,0.0,-1.5707964,0.0
1970-01-01 00:00:00.136610854,0.136610854,0.0,0.0,0.0,0.0,95.118835,0.0,0.0,0.0,-1.5707964,0.0
1970-01-01 00:00:00.136744486,0.136744486,0.0,0.0,0.0,0.0,510.34094,0.0,0.0,0.0,-1.5707964,0.0
1970-01-01 00:00:00.138218153,0.138218153,0.0,0.0,0.0,0.0,0.0,168.23497,0.0,0.0,-1.5707964,0.0
1970-01-01 00:00:00.138603752,0.138603752,100.761,0.0,0.0,0.0,0.0,0.0,0.0,0.0,-1.5707964,0.0
1970-01-01 00:00:00.139090302,0.139090302,0.0,309.03262,0.0,0.0,0.0,0.0,0.0,0.0,-1.5707964,0.0
1970-01-01 00:00:00.139156089,0.139156089,0.0,121.737434,0.0,0.0,0.0,0.0,0.0,0.0,-1.5707964,0.0
1970-01-01 00:00:00.139156089,0.139156089,0.0,0.0,0.0,1644.6613,0.0,0.0,0.0,0.0,-1.5707964,0.0
1970-01-01 00:00:00.139399160,0.13939916,0.0,0.0,0.0,0.0,0.0,181.32092,0.0,0.0,-1.5707964,0.0
1970-01-01 00:00:00.139895554,0.139895554,0.0,0.0,0.0,0.0,372.3119,0.0,0.0,0.0,-1.5707964,0.0
1970-01-01 00:00:00.140181205,0.140181205,0.0,334.5871,0.0,0.0,0.0,0.0,0.0,0.0,-1.5707964,0.0
1970-01-01 00:00:00.140341008,0.140341008,0.0,0.0,0.0,0.0,134.79532,0.0,0.0,0.0,-1.5707964,0.0
1970-01-01 00:00:00.140805871,0.140805871,144.66243,0.0,0.0,0.0,0.0,0.0,0.0,0.0,-1.5707964,0.0
1970-01-01 00:00:00.140832931,0.140832931,0.0,0.0,0.0,0.0,219.70525,0.0,0.0,0.0,-1.5707964,0.0
1970-01-01 00:00:00.141004633,0.141004633,0.0,334.5092,0.0,0.0,0.0,0.0,0.0,0.0,-1.5707964,0.0
1970-01-01 00:00:00.141229043,0.141229043,0.0,0.0,0.0,0.0,0.0,300.89548,0.0,0.0,-1.5707964,0.0
1970-01-01 00:00:00.141688036,0.141688036,0.0,322.7164,0.0,0.0,0.0,0.0,0.0,0.0,-1.5707964,0.0
1970-01-01 00:00:00.142177776,0.142177776,0.0,0.0,566.7068,0.0,0.0,0.0,0.0,0.0,-1.5707964,0.0
1970-01-01 00:00:00.142781642,0.142781642,101.68907,0.0,0.0,0.0,0.0,0.0,0.0,0.0,-1.5707964,0.0
1970-01-01 00:00:00.143217126,0.143217126,0.0,0.0,0.0,0.0,0.0,156.36626,0.0,0.0,-1.5707964,0.0
1970-01-01 00:00:00.143382274,0.143382274,0.0,0.0,0.0,146.28845,0.0,0.0,0.0,0.0,-1.5707964,0.0
1970-01-01 00:00:00.143650488,0.143650488,0.0,0.0,0.0,0.0,1899.5219,0.0,0.0,0.0,-1.5707964,0.0
1970-01-01 00:00:00.143906663,0.143906663,0.0,308.04565,0.0,0.0,0.0,0.0,0.0,0.0,-1.5707964,0.0
1970-01-01 00:00:00.143906663,0.143906663,0.0,1067.6349,0.0,0.0,0.0,0.0,0.0,0.0,-1.5707964,0.0
1970-01-01 00:00:00.144259651,0.144259651,0.0,90.73835,0.0,0.0,0.0,0.0,0.0,0.0,-1.5707964,0.0
1970-01-01 00:00:00.144481117,0.144481117,123.43108,0.0,0.0,0.0,0.0,0.0,0.0,0.0,-1.5707964,0.0
1970-01-01 00:00:00.144794666,0.144794666,0.0,0.0,163.63304,0.0,0.0,0.0,0.0,0.0,-1.5707964,0.0
1970-01-01 00:00:00.144862145,0.144862145,0.0,0.0,0.0,0.0,152.98149,0.0,0.0,0.0,-1.5707964,0.0
1970-01-01 00:00:00.145034984,0.145034984,0.0,0.0,0.0,0.0,193.2348,0.0,0.0,0.0,-1.5707964,0.0
1970-01-01 00:00:00.145051011,0.145051011,130.45926,0.0,0.0,0.0,0.0,0.0,0.0,0.0,-1.5707964,0.0
1970-01-01 00:00:00.145837328,0.145837328,0.0,99.35662,0.0,0.0,0.0,0.0,0.0,0.0,-1.5707964,0.0
1970-01-01 00:00:00.145899615,0.145899615,0.0,0.0,0.0,0.0,88.54089,0.0,0.0,0.0,-1.5707964,0.0
1970-01-01 00:00:00.146024262,0.146024262,0.0,0.0,95.362114,0.0,0.0,0.0,0.0,0.0,-1.5707964,0.0
1970-01-01 00:00:00.146075592,0.146075592,0.0,0.0,0.0,0.0,0.0,230.87535,0.0,0.0,-1.5707964,0.0
1970-01-01 00:00:00.146122532,0.146122532,0.0,216.44232,0.0,0.0,0.0,0.0,0.0,0.0,-1.5707964,0.0
1970-01-01 00:00:00.146465881,0.146465881,0.0,0.0,0.0,0.0,195.04947,0.0,0.0,0.0,-1.5707964,0.0
1970-01-01 00:00:00.146536077,0.146536077,0.0,360.13843,0.0,0.0,0.0,0.0,0.0,0.0,-1.5707964,0.0
1970-01-01 00:00:00.146834064,0.146834064,768.77905,0.0,0.0,0.0,0.0,0.0,0.0,0.0,-1.5707964,0.0
1970-01-01 00:00:00.147435952,0.147435952,143.96016,0.0,0.0,0.0,0.0,0.0,0.0,0.0,-1.5707964,0.0
1970-01-01 00:00:00.147830143,0.147830143,0.0,0.0,0.0,0.0,2360.4138,0.0,0.0,0.0,-1.5707964,0.0
1970-01-01 00:00:00.147924427,0.147924427,333.48053,0.0,0.0,0.0,0.0,0.0,0.0,0.0,-1.5707964,0.0
1970-01-01 00:00:00.147940828,0.147940828,131.12102,0.0,0.0,0.0,0.0,0.0,0.0,0.0,-1.5707964,0.0
1970-01-01 00:00:00.148104062,0.148104062,0.0,0.0,0.0,0.0,0.0,136.21313,0.0,0.0,-1.5707964,0.0
1970-01-01 00:00:00.148104895,0.148104895,2409.76,0.0,0.0,0.0,0.0,0.0,0.0,0.0,-1.5707964,0.0
1970-01-01 00:00:00.148146163,0.148146163,0.0,0.0,0.0,0.0,0.0,124.63207,0.0,0.0,-1.5707964,0.0
1970-01-01 00:00:00.148156103,0.148156103,0.0,0.0,0.0,340.22702,0.0,0.0,0.0,0.0,-1.5707964,0.0
1970-01-01 00:00:00.148169859,0.148169859,115.70192,0.0,0.0,0.0,0.0,0.0,0.0,0.0,-1.5707964,0.0
1970-01-01 00:00:00.148260396,0.148260396,0.0,2051.5522,0.0,0.0,0.0,0.0,0.0,0.0,-1.5707964,0.0
1970-01-01 00:00:00.148260396,0.148260396,0.0,0.0,0.0,0.0,0.0,515.7746,0.0,0.0,-1.5707964,0.0
1970-01-01 00:00:00.148446741,0.148446741,401.10553,0.0,0.0,0.0,0.0,0.0,0.0,0.0,-1.5707964,0.0
1970-01-01 00:00:00.148467269,0.148467269,0.0,0.0,0.0,0.0,98.09644,0.0,0.0,0.0,-1.5707964,0.0
1970-01-01 00:00:00.148673717,0.148673717,0.0,0.0,0.0,0.0,2921.789,0.0,0.0,0.0,-1.5707964,0.0
1970-01-01 00:00:00.148710901,0.148710901,0.0,0.0,0.0,0.0,394.39197,0.0,0.0,0.0,-1.5707964,0.0
1970-01-01 00:00:00.149063796,0.149063796,0.0,0.0,0.0,0.0,85.31673,0.0,0.0,0.0,-1.5707964,0.0
1970-01-01 00:00:00.149167122,0.149167122,0.0,0.0,0.0,0.0,137.8581,0.0,0.0,0.0,-1.5707964,0.0
1970-01-01 00:00:00.149211856,0.149211856,0.0,0.0,0.0,0.0,131.23337,0.0,0.0,0.0,-1.5707964,0.0
1970-01-01 00:00:00.149343804,0.149343804,0.0,0.0,0.0,0.0,0.0,483.28757,0.0,0.0,-1.5707964,0.0
1970-01-01 00:00:00.150028289,0.150028289,0.0,125.54812,0.0,0.0,0.0,0.0,0.0,0.0,-1.5707964,0.0
1970-01-01 00:00:00.150949722,0.150949722,0.0,0.0,0.0,0.0,186.75415,0.0,0.0,0.0,-1.5707964,0.0
1970-01-01 00:00:00.151329745,0.151329745,0.0,0.0,924.7931,0.0,0.0,0.0,0.0,0.0,-1.5707964,0.0
1970-01-01 00:00:00.151612894,0.151612894,0.0,745.8009,0.0,0.0,0.0,0.0,0.0,0.0,-1.5707964,0.0
1970-01-01 00:00:00.152198913,0.152198913,0.0,0.0,2741.0498,0.0,0.0,0.0,0.0,0.0,-1.5707964,0.0
1970-01-01 00:00:00.152198913,0.152198913,0.0,0.0,0.0,0.0,0.0,1288.2625,0.0,0.0,-1.5707964,0.0
1970-01-01 00:00:00.152366292,0.152366292,0.0,0.0,87.589745,0.0,0.0,0.0,0.0,0.0,-1.5707964,0.0
1970-01-01 00:00:00.153257812,0.153257812,0.0,86.96274,0.0,0.0,0.0,0.0,0.0,0.0,-1.5707964,0.0
1970-01-01 00:00:00.153648807,0.153648807,0.0,4361.267,0.0,0.0,0.0,0.0,0.0,0.0,-1.5707964,0.0
1970-01-01 00:00:00.154120321,0.154120321,86.21601,0.0,0.0,0.0,0.0,0.0,0.0,0.0,-1.5707964,0.0
1970-01-01 00:00:00.154166289,0.154166289,0.0,0.0,0.0,0.0,166.44325,0.0,0.0,0.0,-1.5707964,0.0
1970-01-01 00:00:00.154305140,0.15430514,0.0,0.0,0.0,0.0,0.0,198.68776,0.0,0.0,-1.5707964,0.0
1970-01-01 00:00:00.154521966,0.154521966,0.0,0.0,0.0,0.0,87.291275,0.0,0.0,0.0,-1.5707964,0.0
1970-01-01 00:00:00.154580406,0.154580406,0.0,0.0,153.1742,0.0,0.0,0.0,0.0,0.0,-1.5707964,0.0
1970-01-01 00:00:00.155110977,0.155110977,0.0,329.79733,0.0,0.0,0.0,0.0,0.0,0.0,-1.5707964,0.0
1970-01-01 00:00:00.155231016,0.155231016,0.0,0.0,0.0,0.0,124.93343,0.0,0.0,0.0,-1.5707964,0.0
1970-01-01 00:00:00.155286974,0.155286974,100.22751,0.0,0.0,0.0,0.0,0.0,0.0,0.0,-1.5707964,0.0
1970-01-01 00:00:00.155454117,0.155454117,0.0,93.20534,0.0,0.0,0.0,0.0,0.0,0.0,-1.5707964,0.0
1970-01-01 00:00:00.155520791,0.155520791,0.0,0.0,0.0,0.0,0.0,1669.6725,0.0,0.0,-1.5707964,0.0
1970-01-01 00:00:00.155788112,0.155788112,110.269356,0.0,0.0,0.0,0.0,0.0,0.0,0.0,-1.5707964,0.0
1970-01-01 00:00:00.155794865,0.155794865,0.0,1192.6388,0.0,0.0,0.0,0.0,0.0,0.0,-1.5707964,0.0
1970-01-01 00:00:00.155814137,0.155814137,0.0,0.0,0.0,0.0,443.8383,0.0,0.0,0.0,-1.5707964,0.0
1970-01-01 00:00:00.156007833,0.156007833,268.0954,0.0,0.0,0.0,0.0,0.0,0.0,0.0,-1.5707964,0.0
1970-01-01 00:00:00.156147760,0.15614776,0.0,6010.656,0.0,0.0,0.0,0.0,0.0,0.0,-1.5707964,0.0
1970-01-01 00:00:00.156147760,0.15614776,0.0,710.4391,0.0,0.0,0.0,0.0,0.0,0.0,-1.5707964,0.0
1970-01-01 00:00:00.156147760,0.15614776,0.0,0.0,0.0,0.0,492.10596,0.0,0.0,0.0,-1.5707964,0.0
1970-01-01 00:00:00.156415022,0.156415022,0.0,0.0,169.7483,0.0,0.0,0.0,0.0,0.0,-1.5707964,0.0
1970-01-01 00:00:00.156449923,0.156449923,0.0,0.0,0.0,0.0,99.45752,0.0,0.0,0.0,-1.5707964,0.0
1970-01-01 00:00:00.156950615,0.156950615,0.0,0.0,0.0,0.0,158.4756,0.0,0.0,0.0,-1.5707964,0.0
1970-01-01 00:00:00.156961666,0.156961666,0.0,0.0,0.0,0.0,0.0,171.99156,0.0,0.0,-1.5707964,0.0
1970-01-01 00:00:00.157018464,0.157018464,0.0,1983.8965,0.0,0.0,0.0,0.0,0.0,0.0,-1.5707964,0.0
1970-01-01 00:00:00.157018464,0.157018464,0.0,1547.3605,0.0,0.0,0.0,0.0,0.0,0.0,-1.5707964,0.0
1970-01-01 00:00:00.157855929,0.157855929,256.88116,0.0,0.0,0.0,0.0,0.0,0.0,0.0,-1.5707964,0.0
1970-01-01 00:00:00.157919744,0.157919744,0.0,189.91512,0.0,0.0,0.0,0.0,0.0,0.0,-1.5707964,0.0
1970-01-01 00:00:00.157947259,0.157947259,0.0,399.75967,0.0,0.0,0.0,0.0,0.0,0.0,-1.5707964,0.0
1970-01-01 00:00:00.158324080,0.15832408,0.0,0.0,0.0,0.0,524.94904,0.0,0.0,0.0,-1.5707964,0.0
1970-01-01 00:00:00.158356133,0.158356133,0.0,123.5318,0.0,0.0,0.0,0.0,0.0,0.0,-1.5707964,0.0
1970-01-01 00:00:00.158356133,0.158356133,0.0,205.18124,0.0,0.0,0.0,0.0,0.0,0.0,-1.5707964,0.0
1970-01-01 00:00:00.158418803,0.158418803,0.0,0.0,0.0,0.0,95.16223,0.0,0.0,0.0,-1.5707964,0.0
1970-01-01 00:00:00.158442192,0.158442192,0.0,101.212906,0.0,0.0,0.0,0.0,0.0,0.0,-1.5707964,0.0
1970-01-01 00:00:00.159016073,0.159016073,0.0,0.0,0.0,0.0,215.96797,0.0,0.0,0.0,-1.5707964,0.0
1970-01-01 00:00:00.159016073,0.159016073,0.0,0.0,0.0,0.0,0.0,456.6093,0.0,0.0,-1.5707964,0.0
1970-01-01 00:00:00.159037719,0.159037719,0.0,0.0,634.19196,0.0,0.0,0.0,0.0,0.0,-1.5707964,0.0
1970-01-01 00:00:00.159264267,0.159264267,174.99411,0.0,0.0,0.0,0.0,0.0,0.0,0.0,-1.5707964,0.0
1970-01-01 00:00:00.159343824,0.159343824,0.0,0.0,0.0,0.0,0.0,6008.693,0.0,0.0,-1.5707964,0.0
1970-01-01 00:00:00.159707167,0.159707167,0.0,0.0,0.0,125.18003,0.0,0.0,0.0,0.0,-1.5707964,0.0
1970-01-01 00:00:00.159727177,0.159727177,0.0,0.0,0.0,0.0,5770.631,0.0,0.0,0.0,-1.5707964,0.0
1970-01-01 00:00:00.160027011,0.160027011,0.0,0.0,81.78852,0.0,0.0,0.0,0.0,0.0,-1.5707964,0.0
1970-01-01 00:00:00.160592850,0.16059285,0.0,0.0,0.0,0.0,223.80269,0.0,0.0,0.0,-1.5707964,0.0
1970-01-01 00:00:00.160795562,0.160795562,0.0,0.0,0.0,227.89865,0.0,0.0,0.0,0.0,-1.5707964,0.0
1970-01-01 00:00:00.160828245,0.160828245,0.0,0.0,0.0,0.0,167.924,0.0,0.0,0.0,-1.5707964,0.0
1970-01-01 00:00:00.161233662,0.161233662,559.392,0.0,0.0,0.0,0.0,0.0,0.0,0.0,-1.5707964,0.0
1970-01-01 00:00:00.161356991,0.161356991,0.0,148.42018,0.0,0.0,0.0,0.0,0.0,0.0,-1.5707964,0.0
1970-01-01 00:00:00.161415220,0.16141522,0.0,0.0,0.0,0.0,182.71632,0.0,0.0,0.0,-1.5707964,0.0
1970-01-01 00:00:00.161562070,0.16156207,0.0,0.0,0.0,0.0,952.9795,0.0,0.0,0.0,-1.5707964,0.0
1970-01-01 00:00:00.161606092,0.161606092,0.0,0.0,0.0,0.0,518.0797,0.0,0.0,0.0,-1.5707964,0.0
1970-01-01 00:00:00.162004144,0.162004144,0.0,0.0,0.0,0.0,0.0,211.67052,0.0,0.0,-1.5707964,0.0
1970-01-01 00:00:00.162168508,0.162168508,0.0,0.0,0.0,0.0,364.5705,0.0,0.0,0.0,-1.5707964,0.0
1970-01-01 00:00:00.162746681,0.162746681,227.30154,0.0,0.0,0.0,0.0,0.0,0.0,0.0,-1.5707964,0.0
1970-01-01 00:00:00.162766944,0.162766944,0.0,0.0,0.0,0.0,236.19763,0.0,0.0,0.0,-1.5707964,0.0
1970-01-01 00:00:00.162804663,0.162804663,0.0,0.0,0.0,0.0,1318.6205,0.0,0.0,0.0,-1.5707964,0.0
1970-01-01 00:00:00.162810301,0.162810301,0.0,0.0,1207.178,0.0,0.0,0.0,0.0,0.0,-1.5707964,0.0
1970-01-01 00:00:00.163092762,0.163092762,314.93066,0.0,0.0,0.0,0.0,0.0,0.0,0.0,-1.5707964,0.0
1970-01-01 00:00:00.163492404,0.163492404,0.0,0.0,0.0,0.0,448.18265,0.0,0.0,0.0,-1.5707964,0.0
1970-01-01 00:00:00.163859822,0.163859822,0.0,0.0,0.0,0.0,460.1648,0.0,0.0,0.0,-1.5707964,0.0
1970-01-01 00:00:00.164468740,0.16446874,0.0,0.0,0.0,0.0,0.0,81.77693,0.0,0.0,-1.5707964,0.0
1970-01-01 00:00:00.164880511,0.164880511,0.0,224.0243,0.0,0.0,0.0,0.0,0.0,0.0,-1.5707964,0.0
1970-01-01 00:00:00.165298277,0.165298277,0.0,0.0,0.0,1346.859,0.0,0.0,0.0,0.0,-1.5707964,0.0
1970-01-01 00:00:00.165411613,0.165411613,0.0,0.0,0.0,0.0,148.90495,0.0,0.0,0.0,-1.5707964,0.0
1970-01-01 00:00:00.165655622,0.165655622,0.0,0.0,1043.3668,0.0,0.0,0.0,0.0,0.0,-1.5707964,0.0
1970-01-01 00:00:00.165896500,0.1658965,0.0,0.0,0.0,0.0,112.788826,0.0,0.0,0.0,-1.5707964,0.0
1970-01-01 00:00:00.166100400,0.1661004,808.1788,0.0,0.0,0.0,0.0,0.0,0.0,0.0,-1.5707964,0.0
1970-01-01 00:00:00.166460577,0.166460577,0.0,0.0,0.0,0.0,82.81613,0.0,0.0,0.0,-1.5707964,0.0
1970-01-01 00:00:00.166564719,0.166564719,0.0,0.0,0.0,0.0,2185.008,0.0,0.0,0.0,-1.5707964,0.0
1970-01-01 00:00:00.166688327,0.166688327,0.0,0.0,0.0,0.0,0.0,7082.554,0.0,0.0,-1.5707964,0.0
1970-01-01 00:00:00.167000395,0.167000395,377.25766,0.0,0.0,0.0,0.0,0.0,0.0,0.0,-1.5707964,0.0
1970-01-01 00:00:00.167177921,0.167177921,0.0,0.0,0.0,0.0,271.6354,0.0,0.0,0.0,-1.5707964,0.0
1970-01-01 00:00:00.167462896,0.167462896,0.0,0.0,0.0,0.0,1817.2828,0.0,0.0,0.0,-1.5707964,0.0
1970-01-01 00:00:00.167523705,0.167523705,83.1808,0.0,0.0,0.0,0.0,0.0,0.0,0.0,-1.5707964,0.0
1970-01-01 00:00:00.167710174,0.167710174,0.0,165.83647,0.0,0.0,0.0,0.0,0.0,0.0,-1.5707964,0.0
1970-01-01 00:00:00.168162206,0.168162206,0.0,0.0,0.0,0.0,157.67842,0.0,0.0,0.0,-1.5707964,0.0
1970-01-01 00:00:00.168373798,0.168373798,0.0,0.0,0.0,0.0,268.55524,0.0,0.0,0.0,-1.5707964,0.0
1970-01-01 00:00:00.168547604,0.168547604,0.0,89.878105,0.0,0.0,0.0,0.0,0.0,0.0,-1.5707964,0.0
1970-01-01 00:00:00.168569517,0.168569517,0.0,0.0,0.0,0.0,112.81798,0.0,0.0,0.0,-1.5707964,0.0
1970-01-01 00:00:00.169599693,0.169599693,0.0,0.0,0.0,124.06251,0.0,0.0,0.0,0.0,-1.5707964,0.0
1970-01-01 00:00:00.169961279,0.169961279,0.0,0.0,0.0,386.48993,0.0,0.0,0.0,0.0,-1.5707964,0.0
1970-01-01 00:00:00.170131818,0.170131818,0.0,0.0,0.0,0.0,630.2673,0.0,0.0,0.0,-1.5707964,0.0
1970-01-01 00:00:00.170409183,0.170409183,0.0,0.0,0.0,0.0,0.0,495.9365,0.0,0.0,-1.5707964,0.0
1970-01-01 00:00:00.170432759,0.170432759,0.0,0.0,0.0,0.0,398.3268,0.0,0.0,0.0,-1.5707964,0.0
1970-01-01 00:00:00.171286018,0.171286018,0.0,0.0,0.0,0.0,187.40587,0.0,0.0,0.0,-1.5707964,0.0
1970-01-01 00:00:00.171418042,0.171418042,0.0,0.0,0.0,0.0,200.93677,0.0,0.0,0.0,-1.5707964,0.0
1970-01-01 00:00:00.171455682,0.171455682,85.71702,0.0,0.0,0.0,0.0,0.0,0.0,0.0,-1.5707964,0.0
1970-01-01 00:00:00.171494848,0.171494848,309.5623,0.0,0.0,0.0,0.0,0.0,0.0,0.0,-1.5707964,0.0
1970-01-01 00:00:00.171494848,0.171494848,541.3123,0.0,0.0,0.0,0.0,0.0,0.0,0.0,-1.5707964,0.0
1970-01-01 00:00:00.171910401,0.171910401,0.0,0.0,404.15076,0.0,0.0,0.0,0.0,0.0,-1.5707964,0.0
1970-01-01 00:00:00.172122482,0.172122482,0.0,0.0,0.0,0.0,189.64365,0.0,0.0,0.0,-1.5707964,0.0
1970-01-01 00:00:00.172137224,0.172137224,0.0,0.0,0.0,0.0,112.05077,0.0,0.0,0.0,-1.5707964,0.0
1970-01-01 00:00:00.172137224,0.172137224,0.0,0.0,0.0,0.0,310.06976,0.0,0.0,0.0,-1.5707964,0.0
1970-01-01 00:00:00.172624232,0.172624232,0.0,0.0,0.0,0.0,0.0,97.70717,0.0,0.0,-1.5707964,0.0
1970-01-01 00:00:00.172715817,0.172715817,739.13043,0.0,0.0,0.0,0.0,0.0,0.0,0.0,-1.5707964,0.0
1970-01-01 00:00:00.173072602,0.173072602,0.0,0.0,0.0,117.430275,0.0,0.0,0.0,0.0,-1.5707964,0.0
1970-01-01 00:00:00.173277283,0.173277283,0.0,0.0,0.0,0.0,0.0,932.6023,0.0,0.0,-1.5707964,0.0
1970-01-01 00:00:00.173562424,0.173562424,0.0,85.946724,0.0,0.0,0.0,0.0,0.0,0.0,-1.5707964,0.0
1970-01-01 00:00:00.174083496,0.174083496,0.0,0.0,0.0,0.0,189.40958,0.0,0.0,0.0,-1.5707964,0.0
1970-01-01 00:00:00.174094728,0.174094728,0.0,0.0,0.0,0.0,0.0,262.56903,0.0,0.0,-1.5707964,0.0
1970-01-01 00:00:00.174098475,0.174098475,0.0,0.0,0.0,0.0,92.802605,0.0,0.0,0.0,-1.5707964,0.0
1970-01-01 00:00:00.174098475,0.174098475,81.04205,0.0,0.0,0.0,0.0,0.0,0.0,0.0,-1.5707964,0.0
1970-01-01 00:00:00.174123022,0.174123022,0.0,0.0,492.09204,0.0,0.0,0.0,0.0,0.0,-1.5707964,0.0
1970-01-01 00:00:00.174226508,0.174226508,0.0,278.6791,0.0,0.0,0.0,0.0,0.0,0.0,-1.5707964,0.0
1970-01-01 00:00:00.174640923,0.174640923,0.0,1054.5785,0.0,0.0,0.0,0.0,0.0,0.0,-1.5707964,0.0
1970-01-01 00:00:00.174765432,0.174765432,0.0,0.0,147.34245,0.0,0.0,0.0,0.0,0.0,-1.5707964,0.0
1970-01-01 00:00:00.175171147,0.175171147,236.52101,0.0,0.0,0.0,0.0,0.0,0.0,0.0,-1.5707964,0.0
1970-01-01 00:00:00.175409654,0.175409654,0.0,141.07999,0.0,0.0,0.0,0.0,0.0,0.0,-1.5707964,0.0
1970-01-01 00:00:00.175544040,0.17554404,80.88522,0.0,0.0,0.0,0.0,0.0,0.0,0.0,-1.5707964,0.0
1970-01-01 00:00:00.175739335,0.175739335,0.0,0.0,396.36404,0.0,0.0,0.0,0.0,0.0,-1.5707964,0.0
1970-01-01 00:00:00.176467648,0.176467648,0.0,0.0,0.0,0.0,297.46307,0.0,0.0,0.0,-1.5707964,0.0
1970-01-01 00:00:00.176467648,0.176467648,0.0,0.0,0.0,2048.8574,0.0,0.0,0.0,0.0,-1.5707964,0.0
1970-01-01 00:00:00.176554476,0.176554476,0.0,0.0,0.0,0.0,85.421844,0.0,0.0,0.0,-1.5707964,0.0
1970-01-01 00:00:00.176660765,0.176660765,0.0,0.0,333.72885,0.0,0.0,0.0,0.0,0.0,-1.5707964,0.0
1970-01-01 00:00:00.176910114,0.176910114,674.0897,0.0,0.0,0.0,0.0,0.0,0.0,0.0,-1.5707964,0.0
1970-01-01 00:00:00.178259964,0.178259964,763.4818,0.0,0.0,0.0,0.0,0.0,0.0,0.0,-1.5707964,0.0
1970-01-01 00:00:00.178903301,0.178903301,211.01187,0.0,0.0,0.0,0.0,0.0,0.0,0.0,-1.5707964,0.0
1970-01-01 00:00:00.178903301,0.178903301,745.3306,0.0,0.0,0.0,0.0,0.0,0.0,0.0,-1.5707964,0.0
1970-01-01 00:00:00.179112622,0.179112622,0.0,0.0,0.0,0.0,327.96143,0.0,0.0,0.0,-1.5707964,0.0
1970-01-01 00:00:00.179252063,0.179252063,0.0,0.0,0.0,0.0,91.30691,0.0,0.0,0.0,-1.5707964,0.0
1970-01-01 00:00:00.179264089,0.179264089,0.0,246.06628,0.0,0.0,0.0,0.0,0.0,0.0,-1.5707964,0.0
1970-01-01 00:00:00.179642238,0.179642238,0.0,0.0,0.0,0.0,199.14462,0.0,0.0,0.0,-1.5707964,0.0
1970-01-01 00:00:00.179664564,0.179664564,0.0,0.0,0.0,0.0,933.29474,0.0,0.0,0.0,-1.5707964,0.0
1970-01-01 00:00:00.179846781,0.179846781,136.39824,0.0,0.0,0.0,0.0,0.0,0.0,0.0,-1.5707964,0.0
1970-01-01 00:00:00.180218386,0.180218386,0.0,92.81424,0.0,0.0,0.0,0.0,0.0,0.0,-1.5707964,0.0
1970-01-01 00:00:00.180736069,0.180736069,0.0,0.0,0.0,0.0,90.46358,0.0,0.0,0.0,-1.5707964,0.0
1970-01-01 00:00:00.180781320,0.18078132,0.0,0.0,0.0,0.0,0.0,133.38725,0.0,0.0,-1.5707964,0.0
1970-01-01 00:00:00.181179948,0.181179948,0.0,0.0,0.0,0.0,0.0,123.403336,0.0,0.0,-1.5707964,0.0
1970-01-01 00:00:00.181587056,0.181587056,0.0,0.0,0.0,0.0,231.04597,0.0,0.0,0.0,-1.5707964,0.0
1970-01-01 00:00:00.181587056,0.181587056,547.37494,0.0,0.0,0.0,0.0,0.0,0.0,0.0,-1.5707964,0.0
1970-01-01 00:00:00.181587056,0.181587056,0.0,0.0,0.0,0.0,2747.19,0.0,0.0,0.0,-1.5707964,0.0
1970-01-01 00:00:00.181793761,0.181793761,0.0,0.0,0.0,0.0,0.0,1270.059,0.0,0.0,-1.5707964,0.0
1970-01-01 00:00:00.181899774,0.181899774,0.0,0.0,0.0,0.0,144.75098,0.0,0.0,0.0,-1.5707964,0.0
1970-01-01 00:00:00.181960259,0.181960259,0.0,191.21964,0.0,0.0,0.0,0.0,0.0,0.0,-1.5707964,0.0
1970-01-01 00:00:00.182383557,0.182383557,0.0,1970.3922,0.0,0.0,0.0,0.0,0.0,0.0,-1.5707964,0.0
1970-01-01 00:00:00.182383557,0.182383557,0.0,0.0,0.0,0.0,275.50174,0.0,0.0,0.0,-1.5707964,0.0
1970-01-01 00:00:00.182476237,0.182476237,0.0,638.2382,0.0,0.0,0.0,0.0,0.0,0.0,-1.5707964,0.0
1970-01-01 00:00:00.182933613,0.182933613,485.0462,0.0,0.0,0.0,0.0,0.0,0.0,0.0,-1.5707964,0.0
1970-01-01 00:00:00.183058990,0.18305899,0.0,0.0,0.0,0.0,142.72772,0.0,0.0,0.0,-1.5707964,0.0
1970-01-01 00:00:00.184473747,0.184473747,0.0,0.0,0.0,0.0,872.8966,0.0,0.0,0.0,-1.5707964,0.0
1970-01-01 00:00:00.184503146,0.184503146,0.0,0.0,0.0,0.0,295.51114,0.0,0.0,0.0,-1.5707964,0.0
1970-01-01 00:00:00.184653369,0.184653369,0.0,0.0,0.0,0.0,260.37445,0.0,0.0,0.0,-1.5707964,0.0
1970-01-01 00:00:00.184869110,0.18486911,0.0,166.74503,0.0,0.0,0.0,0.0,0.0,0.0,-1.5707964,0.0
1970-01-01 00:00:00.185318731,0.185318731,0.0,0.0,0.0,0.0,0.0,180.67781,0.0,0.0,-1.5707964,0.0
1970-01-01 00:00:00.185610544,0.185610544,266.06024,0.0,0.0,0.0,0.0,0.0,0.0,0.0,-1.5707964,0.0
1970-01-01 00:00:00.185816553,0.185816553,0.0,0.0,0.0,0.0,100.80216,0.0,0.0,0.0,-1.5707964,0.0
1970-01-01 00:00:00.185826546,0.185826546,0.0,0.0,0.0,0.0,488.0344,0.0,0.0,0.0,-1.5707964,0.0
1970-01-01 00:00:00.186061252,0.186061252,0.0,217.06535,0.0,0.0,0.0,0.0,0.0,0.0,-1.5707964,0.0
1970-01-01 00:00:00.186154825,0.186154825,0.0,126.589806,0.0,0.0,0.0,0.0,0.0,0.0,-1.5707964,0.0
1970-01-01 00:00:00.186259285,0.186259285,0.0,122.790855,0.0,0.0,0.0,0.0,0.0,0.0,-1.5707964,0.0
1970-01-01 00:00:00.187143125,0.187143125,0.0,0.0,0.0,0.0,304.98804,0.0,0.0,0.0,-1.5707964,0.0
1970-01-01 00:00:00.187147512,0.187147512,0.0,0.0,0.0,0.0,242.15497,0.0,0.0,0.0,-1.5707964,0.0
1970-01-01 00:00:00.187359073,0.187359073,0.0,0.0,0.0,0.0,0.0,3075.629,0.0,0.0,-1.5707964,0.0
1970-01-01 00:00:00.187663150,0.18766315,0.0,0.0,0.0,0.0,239.13301,0.0,0.0,0.0,-1.5707964,0.0
1970-01-01 00:00:00.187671837,0.187671837,149.56477,0.0,0.0,0.0,0.0,0.0,0.0,0.0,-1.5707964,0.0
1970-01-01 00:00:00.187821310,0.18782131,0.0,0.0,0.0,0.0,283.6203,0.0,0.0,0.0,-1.5707964,0.0
1970-01-01 00:00:00.187977793,0.187977793,0.0,0.0,0.0,0.0,763.61664,0.0,0.0,0.0,-1.5707964,0.0
1970-01-01 00:00:00.188066111,0.188066111,0.0,0.0,0.0,0.0,84.57865,0.0,0.0,0.0,-1.5707964,0.0
1970-01-01 00:00:00.188383532,0.188383532,0.0,0.0,2075.1707,0.0,0.0,0.0,0.0,0.0,-1.5707964,0.0
1970-01-01 00:00:00.188460202,0.188460202,0.0,0.0,0.0,0.0,549.5175,0.0,0.0,0.0,-1.5707964,0.0
1970-01-01 00:00:00.188723736,0.188723736,0.0,0.0,0.0,0.0,2078.2305,0.0,0.0,0.0,-1.5707964,0.0
1970-01-01 00:00:00.188862282,0.188862282,0.0,0.0,0.0,0.0,1371.602,0.0,0.0,0.0,-1.5707964,0.0
1970-01-01 00:00:00.188880249,0.188880249,0.0,0.0,0.0,0.0,0.0,86.94884,0.0,0.0,-1.5707964,0.0
1970-01-01 00:00:00.189148207,0.189148207,0.0,100.05278,0.0,0.0,0.0,0.0,0.0,0.0,-1.5707964,0.0
1970-01-01 00:00:00.189845175,0.189845175,0.0,0.0,0.0,396.023,0.0,0.0,0.0,0.0,-1.5707964,0.0
1970-01-01 00:00:00.189955708,0.189955708,0.0,215.38495,0.0,0.0,0.0,0.0,0.0,0.0,-1.5707964,0.0
1970-01-01 00:00:00.189994946,0.189994946,0.0,0.0,0.0,0.0,400.46365,0.0,0.0,0.0,-1.5707964,0.0
1970-01-01 00:00:00.190294417,0.190294417,0.0,0.0,0.0,0.0,0.0,422.50363,0.0,0.0,-1.5707964,0.0
1970-01-01 00:00:00.190524695,0.190524695,100.636925,0.0,0.0,0.0,0.0,0.0,0.0,0.0,-1.5707964,0.0
1970-01-01 00:00:00.190617772,0.190617772,3644.039,0.0,0.0,0.0,0.0,0.0,0.0,0.0,-1.5707964,0.0
1970-01-01 00:00:00.190911332,0.190911332,0.0,0.0,0.0,0.0,103.30629,0.0,0.0,0.0,-1.5707964,0.0
1970-01-01 00:00:00.191084167,0.191084167,0.0,110.28443,0.0,0.0,0.0,0.0,0.0,0.0,-1.5707964,0.0
1970-01-01 00:00:00.191307443,0.191307443,0.0,104.07774,0.0,0.0,0.0,0.0,0.0,0.0,-1.5707964,0.0
1970-01-01 00:00:00.191524118,0.191524118,0.0,0.0,500.15265,0.0,0.0,0.0,0.0,0.0,-1.5707964,0.0
1970-01-01 00:00:00.191617882,0.191617882,0.0,0.0,0.0,0.0,193.8511,0.0,0.0,0.0,-1.5707964,0.0
1970-01-01 00:00:00.191624494,0.191624494,0.0,0.0,0.0,0.0,186.32921,0.0,0.0,0.0,-1.5707964,0.0
1970-01-01 00:00:00.191989520,0.19198952,0.0,170.43689,0.0,0.0,0.0,0.0,0.0,0.0,-1.5707964,0.0
1970-01-01 00:00:00.192442343,0.192442343,0.0,0.0,0.0,0.0,145.90485,0.0,0.0,0.0,-1.5707964,0.0
1970-01-01 00:00:00.192690365,0.192690365,0.0,0.0,0.0,103.34505,0.0,0.0,0.0,0.0,-1.5707964,0.0
1970-01-01 00:00:00.192766425,0.192766425,0.0,0.0,0.0,0.0,303.49738,0.0,0.0,0.0,-1.5707964,0.0
1970-01-01 00:00:00.193203211,0.193203211,0.0,360.00827,0.0,0.0,0.0,0.0,0.0,0.0,-1.5707964,0.0
1970-01-01 00:00:00.193387079,0.193387079,0.0,151.53352,0.0,0.0,0.0,0.0,0.0,0.0,-1.5707964,0.0
1970-01-01 00:00:00.193443807,0.193443807,0.0,0.0,0.0,1025.5575,0.0,0.0,0.0,0.0,-1.5707964,0.0
1970-01-01 00:00:00.193475362,0.193475362,614.7439,0.0,0.0,0.0,0.0,0.0,0.0,0.0,-1.5707964,0.0
1970-01-01 00:00:00.193649337,0.193649337,166.03722,0.0,0.0,0.0,0.0,0.0,0.0,0.0,-1.5707964,0.0
1970-01-01 00:00:00.194374414,0.194374414,0.0,290.59366,0.0,0.0,0.0,0.0,0.0,0.0,-1.5707964,0.0
1970-01-01 00:00:00.194513205,0.194513205,0.0,0.0,0.0,0.0,101.81022,0.0,0.0,0.0,-1.5707964,0.0
1970-01-01 00:00:00.194529792,0.194529792,0.0,0.0,0.0,0.0,1710.6052,0.0,0.0,0.0,-1.5707964,0.0
1970-01-01 00:00:00.194779387,0.194779387,0.0,0.0,0.0,0.0,265.0479,0.0,0.0,0.0,-1.5707964,0.0
1970-01-01 00:00:00.194826845,0.194826845,0.0,0.0,577.5654,0.0,0.0,0.0,0.0,0.0,-1.5707964,0.0
1970-01-01 00:00:00.195048032,0.195048032,0.0,0.0,0.0,0.0,292.01617,0.0,0.0,0.0,-1.5707964,0.0
1970-01-01 00:00:00.195327562,0.195327562,0.0,287.7502,0.0,0.0,0.0,0.0,0.0,0.0,-1.5707964,0.0
1970-01-01 00:00:00.195420141,0.195420141,0.0,0.0,0.0,0.0,122.6711,0.0,0.0,0.0,-1.5707964,0.0
1970-01-01 00:00:00.195983036,0.195983036,0.0,0.0,0.0,0.0,267.73767,0.0,0.0,0.0,-1.5707964,0.0
1970-01-01 00:00:00.196099728,0.196099728,0.0,419.7729,0.0,0.0,0.0,0.0,0.0,0.0,-1.5707964,0.0
1970-01-01 00:00:00.196310948,0.196310948,0.0,0.0,0.0,0.0,188.51122,0.0,0.0,0.0,-1.5707964,0.0
1970-01-01 00:00:00.197709638,0.197709638,0.0,0.0,0.0,0.0,309.33643,0.0,0.0,0.0,-1.5707964,0.0
1970-01-01 00:00:00.197813025,0.197813025,0.0,0.0,0.0,1285.8384,0.0,0.0,0.0,0.0,-1.5707964,0.0
1970-01-01 00:00:00.197841821,0.197841821,0.0,0.0,3091.3718,0.0,0.0,0.0,0.0,0.0,-1.5707964,0.0
1970-01-01 00:00:00.197841821,0.197841821,0.0,0.0,0.0,0.0,0.0,576.2354,0.0,0.0,-1.5707964,0.0
1970-01-01 00:00:00.197936314,0.197936314,1669.6715,0.0,0.0,0.0,0.0,0.0,0.0,0.0,-1.5707964,0.0
1970-01-01 00:00:00.198200895,0.198200895,0.0,0.0,0.0,0.0,0.0,259.0779,0.0,0.0,-1.5707964,0.0
1970-01-01 00:00:00.199480665,0.199480665,0.0,0.0,0.0,0.0,403.9613,0.0,0.0,0.0,-1.5707964,0.0
1970-01-01 00:00:00.199925916,0.199925916,0.0,0.0,0.0,0.0,453.2246,0.0,0.0,0.0,-1.5707964,0.0
1970-01-01 00:00:00.199925916,0.199925916,0.0,0.0,308.62442,0.0,0.0,0.0,0.0,0.0,-1.5707964,0.0
1970-01-01 00:00:00.200304906,0.200304906,0.0,0.0,0.0,4909.7505,0.0,0.0,0.0,0.0,-1.5707964,0.0
1970-01-01 00:00:00.200629555,0.200629555,0.0,0.0,0.0,0.0,1394.9244,0.0,0.0,0.0,-1.5707964,0.0
1970-01-01 00:00:00.200925249,0.200925249,0.0,0.0,0.0,0.0,0.0,738.47345,0.0,0.0,-1.5707964,0.0
1970-01-01 00:00:00.200936863,0.200936863,0.0,252.32668,0.0,0.0,0.0,0.0,0.0,0.0,-1.5707964,0.0
1970-01-01 00:00:00.201220457,0.201220457,0.0,0.0,0.0,0.0,0.0,1530.3593,0.0,0.0,-1.5707964,0.0
1970-01-01 00:00:00.201231428,0.201231428,0.0,0.0,0.0,0.0,1025.3639,0.0,0.0,0.0,-1.5707964,0.0
1970-01-01 00:00:00.201479344,0.201479344,0.0,316.91553,0.0,0.0,0.0,0.0,0.0,0.0,-1.5707964,0.0
1970-01-01 00:00:00.201488613,0.201488613,0.0,0.0,0.0,0.0,1309.05,0.0,0.0,0.0,-1.5707964,0.0
1970-01-01 00:00:00.201738254,0.201738254,0.0,0.0,474.915,0.0,0.0,0.0,0.0,0.0,-1.5707964,0.0
1970-01-01 00:00:00.201855315,0.201855315,167.14032,0.0,0.0,0.0,0.0,0.0,0.0,0.0,-1.5707964,0.0
1970-01-01 00:00:00.201941562,0.201941562,0.0,0.0,0.0,0.0,575.34766,0.0,0.0,0.0,-1.5707964,0.0
1970-01-01 00:00:00.202714209,0.202714209,0.0,342.3312,0.0,0.0,0.0,0.0,0.0,0.0,-1.5707964,0.0
1970-01-01 00:00:00.203260712,0.203260712,0.0,0.0,0.0,0.0,297.18057,0.0,0.0,0.0,-1.5707964,0.0
1970-01-01 00:00:00.203617145,0.203617145,0.0,0.0,0.0,0.0,243.6118,0.0,0.0,0.0,-1.5707964,0.0
1970-01-01 00:00:00.204165744,0.204165744,0.0,0.0,0.0,0.0,0.0,635.92035,0.0,0.0,-1.5707964,0.0
1970-01-01 00:00:00.204270467,0.204270467,0.0,857.8527,0.0,0.0,0.0,0.0,0.0,0.0,-1.5707964,0.0
1970-01-01 00:00:00.204350855,0.204350855,0.0,0.0,125.59871,0.0,0.0,0.0,0.0,0.0,-1.5707964,0.0
1970-01-01 00:00:00.204499660,0.20449966,0.0,0.0,0.0,0.0,113.47332,0.0,0.0,0.0,-1.5707964,0.0
1970-01-01 00:00:00.204633250,0.20463325,0.0,0.0,0.0,0.0,90.57023,0.0,0.0,0.0,-1.5707964,0.0
1970-01-01 00:00:00.205363350,0.20536335,0.0,92.224045,0.0,0.0,0.0,0.0,0.0,0.0,-1.5707964,0.0
1970-01-01 00:00:00.205638368,0.205638368,131.69595,0.0,0.0,0.0,0.0,0.0,0.0,0.0,-1.5707964,0.0
1970-01-01 00:00:00.205757480,0.20575748,0.0,0.0,0.0,145.06213,0.0,0.0,0.0,0.0,-1.5707964,0.0
1970-01-01 00:00:00.205776460,0.20577646,0.0,178.558,0.0,0.0,0.0,0.0,0.0,0.0,-1.5707964,0.0
1970-01-01 00:00:00.205798108,0.205798108,0.0,0.0,0.0,0.0,653.41144,0.0,0.0,0.0,-1.5707964,0.0
1970-01-01 00:00:00.205985584,0.205985584,0.0,0.0,81.31384,0.0,0.0,0.0,0.0,0.0,-1.5707964,0.0
1970-01-01 00:00:00.206208737,0.206208737,0.0,0.0,0.0,0.0,3671.6746,0.0,0.0,0.0,-1.5707964,0.0
1970-01-01 00:00:00.206381432,0.206381432,0.0,0.0,0.0,0.0,0.0,1030.9445,0.0,0.0,-1.5707964,0.0
1970-01-01 00:00:00.206678017,0.206678017,0.0,0.0,0.0,0.0,614.2807,0.0,0.0,0.0,-1.5707964,0.0
1970-01-01 00:00:00.206869250,0.20686925,0.0,0.0,0.0,0.0,495.07532,0.0,0.0,0.0,-1.5707964,0.0
1970-01-01 00:00:00.206931786,0.206931786,0.0,0.0,0.0,0.0,2561.7607,0.0,0.0,0.0,-1.5707964,0.0
1970-01-01 00:00:00.207433382,0.207433382,0.0,0.0,485.33075,0.0,0.0,0.0,0.0,0.0,-1.5707964,0.0
1970-01-01 00:00:00.207674765,0.207674765,0.0,0.0,0.0,0.0,105.53971,0.0,0.0,0.0,-1.5707964,0.0
1970-01-01 00:00:00.207819400,0.2078194,93.394905,0.0,0.0,0.0,0.0,0.0,0.0,0.0,-1.5707964,0.0
1970-01-01 00:00:00.207953752,0.207953752,0.0,0.0,0.0,0.0,3060.5874,0.0,0.0,0.0,-1.5707964,0.0
1970-01-01 00:00:00.208310149,0.208310149,0.0,0.0,0.0,0.0,965.8246,0.0,0.0,0.0,-1.5707964,0.0
1970-01-01 00:00:00.208418619,0.208418619,0.0,0.0,0.0,0.0,270.49625,0.0,0.0,0.0,-1.5707964,0.0
1970-01-01 00:00:00.208434239,0.208434239,0.0,0.0,0.0,0.0,0.0,563.3506,0.0,0.0,-1.5707964,0.0
1970-01-01 00:00:00.208847740,0.20884774,0.0,0.0,0.0,0.0,129.92172,0.0,0.0,0.0,-1.5707964,0.0
1970-01-01 00:00:00.208902241,0.208902241,0.0,0.0,0.0,0.0,291.55283,0.0,0.0,0.0,-1.5707964,0.0
1970-01-01 00:00:00.209286229,0.209286229,0.0,272.98038,0.0,0.0,0.0,0.0,0.0,0.0,-1.5707964,0.0
1970-01-01 00:00:00.209338459,0.209338459,0.0,8489.531,0.0,0.0,0.0,0.0,0.0,0.0,-1.5707964,0.0
1970-01-01 00:00:00.209381050,0.20938105,0.0,0.0,0.0,0.0,0.0,152.19409,0.0,0.0,-1.5707964,0.0
1970-01-01 00:00:00.209562208,0.209562208,0.0,0.0,0.0,0.0,252.40186,0.0,0.0,0.0,-1.5707964,0.0
1970-01-01 00:00:00.210132618,0.210132618,0.0,0.0,0.0,224.93445,0.0,0.0,0.0,0.0,-1.5707964,0.0
1970-01-01 00:00:00.210134805,0.210134805,0.0,297.64124,0.0,0.0,0.0,0.0,0.0,0.0,-1.5707964,0.0
1970-01-01 00:00:00.210164917,0.210164917,0.0,149.6349,0.0,0.0,0.0,0.0,0.0,0.0,-1.5707964,0.0
1970-01-01 00:00:00.210725643,0.210725643,0.0,0.0,0.0,582.80066,0.0,0.0,0.0,0.0,-1.5707964,0.0
1970-01-01 00:00:00.210727860,0.21072786,0.0,117.94997,0.0,0.0,0.0,0.0,0.0,0.0,-1.5707964,0.0
1970-01-01 00:00:00.210905095,0.210905095,908.08105,0.0,0.0,0.0,0.0,0.0,0.0,0.0,-1.5707964,0.0
1970-01-01 00:00:00.210915607,0.210915607,0.0,0.0,1708.4706,0.0,0.0,0.0,0.0,0.0,-1.5707964,0.0
1970-01-01 00:00:00.211120340,0.21112034,0.0,0.0,0.0,0.0,298.27063,0.0,0.0,0.0,-1.5707964,0.0
1970-01-01 00:00:00.211150373,0.211150373,0.0,0.0,0.0,0.0,0.0,995.6814,0.0,0.0,-1.5707964,0.0
1970-01-01 00:00:00.211788262,0.211788262,0.0,0.0,0.0,0.0,124.554245,0.0,0.0,0.0,-1.5707964,0.0
1970-01-01 00:00:00.211900976,0.211900976,0.0,0.0,0.0,0.0,94.37788,0.0,0.0,0.0,-1.5707964,0.0
1970-01-01 00:00:00.212026489,0.212026489,0.0,0.0,0.0,0.0,178.70236,0.0,0.0,0.0,-1.5707964,0.0
1970-01-01 00:00:00.212429029,0.212429029,389.24246,0.0,0.0,0.0,0.0,0.0,0.0,0.0,-1.5707964,0.0
1970-01-01 00:00:00.212524665,0.212524665,0.0,0.0,0.0,0.0,260.708,0.0,0.0,0.0,-1.5707964,0.0
1970-01-01 00:00:00.212927947,0.212927947,631.36584,0.0,0.0,0.0,0.0,0.0,0.0,0.0,-1.5707964,0.0
1970-01-01 00:00:00.213018924,0.213018924,0.0,0.0,0.0,0.0,96.8649,0.0,0.0,0.0,-1.5707964,0.0
1970-01-01 00:00:00.213211024,0.213211024,0.0,0.0,0.0,0.0,624.37024,0.0,0.0,0.0,-1.5707964,0.0
1970-01-01 00:00:00.213907435,0.213907435,0.0,0.0,0.0,0.0,3058.2485,0.0,0.0,0.0,-1.5707964,0.0
1970-01-01 00:00:00.213944352,0.213944352,0.0,224.55937,0.0,0.0,0.0,0.0,0.0,0.0,-1.5707964,0.0
1970-01-01 00:00:00.214335218,0.214335218,0.0,294.285,0.0,0.0,0.0,0.0,0.0,0.0,-1.5707964,0.0
1970-01-01 00:00:00.214502505,0.214502505,0.0,0.0,0.0,0.0,9964.678,0.0,0.0,0.0,-1.5707964,0.0
1970-01-01 00:00:00.214644854,0.214644854,0.0,0.0,0.0,0.0,151.70444,0.0,0.0,0.0,-1.5707964,0.0
1970-01-01 00:00:00.214736244,0.214736244,0.0,0.0,0.0,512.58386,0.0,0.0,0.0,0.0,-1.5707964,0.0
1970-01-01 00:00:00.215019926,0.215019926,0.0,0.0,0.0,0.0,203.90216,0.0,0.0,0.0,-1.5707964,0.0
1970-01-01 00:00:00.215852999,0.215852999,0.0,0.0,0.0,0.0,300.71387,0.0,0.0,0.0,-1.5707964,0.0
1970-01-01 00:00:00.216105979,0.216105979,0.0,99.686386,0.0,0.0,0.0,0.0,0.0,0.0,-1.5707964,0.0
1970-01-01 00:00:00.216264336,0.216264336,0.0,0.0,0.0,0.0,173.7227,0.0,0.0,0.0,-1.5707964,0.0
1970-01-01 00:00:00.216320050,0.21632005,0.0,0.0,0.0,0.0,1005.58496,0.0,0.0,0.0,-1.5707964,0.0
1970-01-01 00:00:00.216451143,0.216451143,0.0,0.0,0.0,0.0,4205.8804,0.0,0.0,0.0,-1.5707964,0.0
1970-01-01 00:00:00.216451143,0.216451143,0.0,0.0,0.0,0.0,0.0,870.44214,0.0,0.0,-1.5707964,0.0
1970-01-01 00:00:00.216525888,0.216525888,0.0,1403.5984,0.0,0.0,0.0,0.0,0.0,0.0,-1.5707964,0.0
1970-01-01 00:00:00.216525888,0.216525888,0.0,0.0,271.01962,0.0,0.0,0.0,0.0,0.0,-1.5707964,0.0
1970-01-01 00:00:00.216641048,0.216641048,0.0,0.0,0.0,0.0,469.6624,0.0,0.0,0.0,-1.5707964,0.0
1970-01-01 00:00:00.217118631,0.217118631,0.0,0.0,0.0,0.0,0.0,101.50618,0.0,0.0,-1.5707964,0.0
1970-01-01 00:00:00.217373363,0.217373363,0.0,0.0,0.0,0.0,228.99066,0.0,0.0,0.0,-1.5707964,0.0
1970-01-01 00:00:00.217432839,0.217432839,0.0,0.0,0.0,0.0,231.61665,0.0,0.0,0.0,-1.5707964,0.0
1970-01-01 00:00:00.217441787,0.217441787,94.45242,0.0,0.0,0.0,0.0,0.0,0.0,0.0,-1.5707964,0.0
1970-01-01 00:00:00.217478104,0.217478104,0.0,0.0,0.0,0.0,129.67078,0.0,0.0,0.0,-1.5707964,0.0
1970-01-01 00:00:00.217571034,0.217571034,0.0,0.0,107.20538,0.0,0.0,0.0,0.0,0.0,-1.5707964,0.0
1970-01-01 00:00:00.217644313,0.217644313,227.40457,0.0,0.0,0.0,0.0,0.0,0.0,0.0,-1.5707964,0.0
1970-01-01 00:00:00.218027281,0.218027281,0.0,0.0,0.0,0.0,157.83989,0.0,0.0,0.0,-1.5707964,0.0
1970-01-01 00:00:00.218035190,0.21803519,0.0,0.0,0.0,86.260735,0.0,0.0,0.0,0.0,-1.5707964,0.0
1970-01-01 00:00:00.218088615,0.218088615,0.0,0.0,0.0,0.0,851.5322,0.0,0.0,0.0,-1.5707964,0.0
1970-01-01 00:00:00.218318368,0.218318368,0.0,91.420265,0.0,0.0,0.0,0.0,0.0,0.0,-1.5707964,0.0
1970-01-01 00:00:00.218400840,0.21840084,0.0,132.83652,0.0,0.0,0.0,0.0,0.0,0.0,-1.5707964,0.0
1970-01-01 00:00:00.218509331,0.218509331,1454.7372,0.0,0.0,0.0,0.0,0.0,0.0,0.0,-1.5707964,0.0
1970-01-01 00:00:00.218572544,0.218572544,0.0,110.26661,0.0,0.0,0.0,0.0,0.0,0.0,-1.5707964,0.0
1970-01-01 00:00:00.218669358,0.218669358,0.0,167.38693,0.0,0.0,0.0,0.0,0.0,0.0,-1.5707964,0.0
1970-01-01 00:00:00.218674536,0.218674536,0.0,113.40587,0.0,0.0,0.0,0.0,0.0,0.0,-1.5707964,0.0
1970-01-01 00:00:00.218731748,0.218731748,0.0,134.74414,0.0,0.0,0.0,0.0,0.0,0.0,-1.5707964,0.0
1970-01-01 00:00:00.218772873,0.218772873,0.0,326.01053,0.0,0.0,0.0,0.0,0.0,0.0,-1.5707964,0.0
1970-01-01 00:00:00.218843360,0.21884336,0.0,152.8365,0.0,0.0,0.0,0.0,0.0,0.0,-1.5707964,0.0
1970-01-01 00:00:00.219228638,0.219228638,140.4963,0.0,0.0,0.0,0.0,0.0,0.0,0.0,-1.5707964,0.0
1970-01-01 00:00:00.219919618,0.219919618,0.0,0.0,0.0,0.0,1792.5111,0.0,0.0,0.0,-1.5707964,0.0
1970-01-01 00:00:00.220123803,0.220123803,149.64217,0.0,0.0,0.0,0.0,0.0,0.0,0.0,-1.5707964,0.0
1970-01-01 00:00:00.220168181,0.220168181,0.0,0.0,0.0,0.0,273.26993,0.0,0.0,0.0,-1.5707964,0.0
1970-01-01 00:00:00.220261430,0.22026143,0.0,121.14045,0.0,0.0,0.0,0.0,0.0,0.0,-1.5707964,0.0
1970-01-01 00:00:00.220292779,0.220292779,0.0,0.0,0.0,0.0,89.22524,0.0,0.0,0.0,-1.5707964,0.0
1970-01-01 00:00:00.220605954,0.220605954,0.0,0.0,0.0,0.0,2565.0596,0.0,0.0,0.0,-1.5707964,0.0
1970-01-01 00:00:00.220674697,0.220674697,0.0,0.0,0.0,258.42862,0.0,0.0,0.0,0.0,-1.5707964,0.0
1970-01-01 00:00:00.220841016,0.220841016,0.0,0.0,0.0,0.0,1254.1384,0.0,0.0,0.0,-1.5707964,0.0
1970-01-01 00:00:00.220922206,0.220922206,0.0,0.0,0.0,0.0,0.0,1546.1584,0.0,0.0,-1.5707964,0.0
1970-01-01 00:00:00.221083362,0.221083362,0.0,807.6146,0.0,0.0,0.0,0.0,0.0,0.0,-1.5707964,0.0
1970-01-01 00:00:00.221113951,0.221113951,0.0,2795.8982,0.0,0.0,0.0,0.0,0.0,0.0,-1.5707964,0.0
1970-01-01 00:00:00.221510912,0.221510912,0.0,0.0,0.0,0.0,169.05641,0.0,0.0,0.0,-1.5707964,0.0
1970-01-01 00:00:00.221661463,0.221661463,0.0,0.0,0.0,0.0,145.46036,0.0,0.0,0.0,-1.5707964,0.0
1970-01-01 00:00:00.221848772,0.221848772,0.0,95.50165,0.0,0.0,0.0,0.0,0.0,0.0,-1.5707964,0.0
1970-01-01 00:00:00.222282210,0.22228221,0.0,81.05102,0.0,0.0,0.0,0.0,0.0,0.0,-1.5707964,0.0
1970-01-01 00:00:00.222585661,0.222585661,0.0,202.81183,0.0,0.0,0.0,0.0,0.0,0.0,-1.5707964,0.0
1970-01-01 00:00:00.223233701,0.223233701,0.0,0.0,1807.266,0.0,0.0,0.0,0.0,0.0,-1.5707964,0.0
1970-01-01 00:00:00.223319201,0.223319201,253.65997,0.0,0.0,0.0,0.0,0.0,0.0,0.0,-1.5707964,0.0
1970-01-01 00:00:00.223350042,0.223350042,0.0,0.0,0.0,0.0,351.53436,0.0,0.0,0.0,-1.5707964,0.0
1970-01-01 00:00:00.223451941,0.223451941,0.0,6230.1816,0.0,0.0,0.0,0.0,0.0,0.0,-1.5707964,0.0
1970-01-01 00:00:00.223451941,0.223451941,0.0,201.54703,0.0,0.0,0.0,0.0,0.0,0.0,-1.5707964,0.0
1970-01-01 00:00:00.223558268,0.223558268,221.1248,0.0,0.0,0.0,0.0,0.0,0.0,0.0,-1.5707964,0.0
1970-01-01 00:00:00.223981862,0.223981862,0.0,0.0,0.0,0.0,285.23767,0.0,0.0,0.0,-1.5707964,0.0
1970-01-01 00:00:00.224009206,0.224009206,0.0,0.0,0.0,0.0,0.0,206.91559,0.0,0.0,-1.5707964,0.0
1970-01-01 00:00:00.224049271,0.224049271,0.0,0.0,0.0,0.0,158.4126,0.0,0.0,0.0,-1.5707964,0.0
1970-01-01 00:00:00.224181135,0.224181135,0.0,283.9765,0.0,0.0,0.0,0.0,0.0,0.0,-1.5707964,0.0
1970-01-01 00:00:00.224225739,0.224225739,0.0,0.0,0.0,0.0,103.02429,0.0,0.0,0.0,-1.5707964,0.0
1970-01-01 00:00:00.224475595,0.224475595,0.0,0.0,0.0,0.0,508.9751,0.0,0.0,0.0,-1.5707964,0.0
1970-01-01 00:00:00.224840891,0.224840891,5474.8174,0.0,0.0,0.0,0.0,0.0,0.0,0.0,-1.5707964,0.0
1970-01-01 00:00:00.224840891,0.224840891,0.0,0.0,0.0,0.0,0.0,845.29193,0.0,0.0,-1.5707964,0.0
1970-01-01 00:00:00.224921221,0.224921221,0.0,0.0,0.0,6537.6265,0.0,0.0,0.0,0.0,-1.5707964,0.0
1970-01-01 00:00:00.224984168,0.224984168,0.0,149.27376,0.0,0.0,0.0,0.0,0.0,0.0,-1.5707964,0.0
1970-01-01 00:00:00.225226877,0.225226877,0.0,414.70447,0.0,0.0,0.0,0.0,0.0,0.0,-1.5707964,0.0
1970-01-01 00:00:00.225436438,0.225436438,0.0,1019.8661,0.0,0.0,0.0,0.0,0.0,0.0,-1.5707964,0.0
1970-01-01 00:00:00.225808941,0.225808941,0.0,188.73009,0.0,0.0,0.0,0.0,0.0,0.0,-1.5707964,0.0
1970-01-01 00:00:00.225923244,0.225923244,1658.608,0.0,0.0,0.0,0.0,0.0,0.0,0.0,-1.5707964,0.0
1970-01-01 00:00:00.225983065,0.225983065,0.0,217.51111,0.0,0.0,0.0,0.0,0.0,0.0,-1.5707964,0.0
1970-01-01 00:00:00.226059400,0.2260594,0.0,2576.3137,0.0,0.0,0.0,0.0,0.0,0.0,-1.5707964,0.0
1970-01-01 00:00:00.226595583,0.226595583,498.41074,0.0,0.0,0.0,0.0,0.0,0.0,0.0,-1.5707964,0.0
1970-01-01 00:00:00.226683892,0.226683892,0.0,83.47061,0.0,0.0,0.0,0.0,0.0,0.0,-1.5707964,0.0
1970-01-01 00:00:00.227200879,0.227200879,0.0,0.0,0.0,0.0,81.4095,0.0,0.0,0.0,-1.5707964,0.0
1970-01-01 00:00:00.228060820,0.22806082,191.46953,0.0,0.0,0.0,0.0,0.0,0.0,0.0,-1.5707964,0.0
1970-01-01 00:00:00.228446808,0.228446808,0.0,0.0,0.0,0.0,112.46901,0.0,0.0,0.0,-1.5707964,0.0
1970-01-01 00:00:00.228746006,0.228746006,0.0,0.0,0.0,0.0,436.03775,0.0,0.0,0.0,-1.5707964,0.0
1970-01-01 00:00:00.228903113,0.228903113,0.0,293.67825,0.0,0.0,0.0,0.0,0.0,0.0,-1.5707964,0.0
1970-01-01 00:00:00.229334821,0.229334821,111.93525,0.0,0.0,0.0,0.0,0.0,0.0,0.0,-1.5707964,0.0
1970-01-01 00:00:00.229525652,0.229525652,0.0,0.0,0.0,0.0,101.26841,0.0,0.0,0.0,-1.5707964,0.0
1970-01-01 00:00:00.229567669,0.229567669,0.0,0.0,0.0,227.96951,0.0,0.0,0.0,0.0,-1.5707964,0.0
1970-01-01 00:00:00.229714509,0.229714509,0.0,158.19312,0.0,0.0,0.0,0.0,0.0,0.0,-1.5707964,0.0
1970-01-01 00:00:00.231396801,0.231396801,0.0,0.0,0.0,0.0,234.26259,0.0,0.0,0.0,-1.5707964,0.0
1970-01-01 00:00:00.231400482,0.231400482,0.0,0.0,544.952,0.0,0.0,0.0,0.0,0.0,-1.5707964,0.0
1970-01-01 00:00:00.231438486,0.231438486,0.0,0.0,0.0,0.0,87.49437,0.0,0.0,0.0,-1.5707964,0.0
1970-01-01 00:00:00.232095466,0.232095466,0.0,926.13367,0.0,0.0,0.0,0.0,0.0,0.0,-1.5707964,0.0
1970-01-01 00:00:00.233082129,0.233082129,0.0,0.0,488.2781,0.0,0.0,0.0,0.0,0.0,-1.5707964,0.0
1970-01-01 00:00:00.234141662,0.234141662,0.0,197.5685,0.0,0.0,0.0,0.0,0.0,0.0,-1.5707964,0.0
1970-01-01 00:00:00.234500517,0.234500517,0.0,0.0,0.0,0.0,137.35751,0.0,0.0,0.0,-1.5707964,0.0
1970-01-01 00:00:00.235749152,0.235749152,0.0,0.0,0.0,0.0,0.0,397.31207,0.0,0.0,-1.5707964,0.0
1970-01-01 00:00:00.236341398,0.236341398,0.0,0.0,0.0,0.0,248.52306,0.0,0.0,0.0,-1.5707964,0.0
1970-01-01 00:00:00.237222438,0.237222438,247.44977,0.0,0.0,0.0,0.0,0.0,0.0,0.0,-1.5707964,0.0
1970-01-01 00:00:00.237262786,0.237262786,0.0,0.0,0.0,0.0,570.95953,0.0,0.0,0.0,-1.5707964,0.0
1970-01-01 00:00:00.237709419,0.237709419,0.0,0.0,0.0,0.0,0.0,117.99446,0.0,0.0,-1.5707964,0.0
1970-01-01 00:00:00.238999886,0.238999886,264.248,0.0,0.0,0.0,0.0,0.0,0.0,0.0,-1.5707964,0.0
1970-01-01 00:00:00.239897668,0.239897668,4317.9907,0.0,0.0,0.0,0.0,0.0,0.0,0.0,-1.5707964,0.0
1970-01-01 00:00:00.239899554,0.239899554,0.0,0.0,423.21793,0.0,0.0,0.0,0.0,0.0,-1.5707964,0.0
1970-01-01 00:00:00.240137296,0.240137296,482.3783,0.0,0.0,0.0,0.0,0.0,0.0,0.0,-1.5707964,0.0
1970-01-01 00:00:00.241300164,0.241300164,0.0,0.0,0.0,0.0,124.6479,0.0,0.0,0.0,-1.5707964,0.0
1970-01-01 00:00:00.242464885,0.242464885,0.0,0.0,0.0,0.0,227.49544,0.0,0.0,0.0,-1.5707964,0.0
1970-01-01 00:00:00.242572814,0.242572814,117.92137,0.0,0.0,0.0,0.0,0.0,0.0,0.0,-1.5707964,0.0
1970-01-01 00:00:00.242746770,0.24274677,86.732506,0.0,0.0,0.0,0.0,0.0,0.0,0.0,-1.5707964,0.0
1970-01-01 00:00:00.246883852,0.246883852,0.0,0.0,0.0,0.0,230.19824,0.0,0.0,0.0,-1.5707964,0.0
1970-01-01 00:00:00.247418600,0.2474186,0.0,0.0,0.0,0.0,153.39001,0.0,0.0,0.0,-1.5707964,0.0
1970-01-01 00:00:00.249174614,0.249174614,0.0,0.0,0.0,0.0,283.51953,0.0,0.0,0.0,-1.5707964,0.0
1970-01-01 00:00:00.249934247,0.249934247,0.0,729.6493,0.0,0.0,0.0,0.0,0.0,0.0,-1.5707964,0.0
1970-01-01 00:00:00.253161888,0.253161888,284.092,0.0,0.0,0.0,0.0,0.0,0.0,0.0,-1.5707964,0.0
1970-01-01 00:00:00.253615708,0.253615708,1928.3933,0.0,0.0,0.0,0.0,0.0,0.0,0.0,-1.5707964,0.0
1970-01-01 00:00:00.254202049,0.254202049,0.0,0.0,0.0,0.0,392.1518,0.0,0.0,0.0,-1.5707964,0.0
1970-01-01 00:00:00.256546125,0.256546125,0.0,293.7506,0.0,0.0,0.0,0.0,0.0,0.0,-1.5707964,0.0
1970-01-01 00:00:00.260084058,0.260084059,292.5915,0.0,0.0,0.0,0.0,0.0,0.0,0.0,-1.5707964,0.0
1970-01-01 00:00:00.260296953,0.260296953,0.0,0.0,0.0,0.0,2205.909,0.0,0.0,0.0,-1.5707964,0.0
1970-01-01 00:00:00.261256806,0.261256806,376.0745,0.0,0.0,0.0,0.0,0.0,0.0,0.0,-1.5707964,0.0
1970-01-01 00:00:00.264373538,0.264373538,0.0,0.0,0.0,0.0,395.13824,0.0,0.0,0.0,-1.5707964,0.0
1970-01-01 00:00:00.264963012,0.264963012,0.0,100.58036,0.0,0.0,0.0,0.0,0.0,0.0,-1.5707964,0.0
1970-01-01 00:00:00.267639930,0.26763993,0.0,249.57909,0.0,0.0,0.0,0.0,0.0,0.0,-1.5707964,0.0
1970-01-01 00:00:00.268108980,0.26810898,0.0,0.0,0.0,2072.9053,0.0,0.0,0.0,0.0,-1.5707964,0.0
1970-01-01 00:00:00.268673477,0.268673477,0.0,103.8371,0.0,0.0,0.0,0.0,0.0,0.0,-1.5707964,0.0
1970-01-01 00:00:00.268673477,0.268673477,0.0,0.0,0.0,0.0,0.0,1490.53,0.0,0.0,-1.5707964,0.0
1970-01-01 00:00:00.270615495,0.270615495,0.0,0.0,0.0,0.0,691.22815,0.0,0.0,0.0,-1.5707964,0.0
1970-01-01 00:00:00.270955189,0.270955189,0.0,3896.7104,0.0,0.0,0.0,0.0,0.0,0.0,-1.5707964,0.0
1970-01-01 00:00:00.271477316,0.271477316,0.0,0.0,843.00946,0.0,0.0,0.0,0.0,0.0,-1.5707964,0.0
1970-01-01 00:00:00.276892276,0.276892276,98.90854,0.0,0.0,0.0,0.0,0.0,0.0,0.0,-1.5707964,0.0
1970-01-01 00:00:00.283283465,0.283283465,83.401405,0.0,0.0,0.0,0.0,0.0,0.0,0.0,-1.5707964,0.0
1970-01-01 00:00:00.297509539,0.297509539,118.98134,0.0,0.0,0.0,0.0,0.0,0.0,0.0,-1.5707964,0.0
1970-01-01 00:00:00.298880725,0.298880725,128.9543,0.0,0.0,0.0,0.0,0.0,0.0,0.0,-1.5707964,0.0
1970-01-01 00:00:00.300708154,0.300708154,0.0,0.0,0.0,0.0,141.04276,0.0,0.0,0.0,-1.5707964,0.0
1970-01-01 00:00:00.305940030,0.30594003,0.0,1712.1202,0.0,0.0,0.0,0.0,0.0,0.0,-1.5707964,0.0
1970-01-01 00:00:00.306774440,0.30677444,0.0,0.0,0.0,0.0,0.0,814.6178,0.0,0.0,-1.5707964,0.0
